freq_THz,I_obs,I_model
220.219718218636,0.0005162673699803,4.062017003301467e-32
220.251383369437,0.001548169198749,4.062017003301467e-32
220.283058939232,0.0007910278030445,4.062017003301467e-32
220.314744932684,-0.000230610600987,4.062017003301467e-32
220.346441354458,0.0005055763025459,3.8947080453207294e-32
220.378148209223,-9.568932996488892e-05,3.4900061602288926e-32
220.40986550165,0.0009708515572912,3.08517105027074e-32
220.441593236412,0.0002451418998439,2.6802026558007504e-32
220.473331418185,-0.0005395824498413,2.2751009171351088e-32
220.505080051648,0.0001155661625389,1.8820251949988383e-32
220.536839141485,0.0001450735086578,1.55267395196994e-32
220.568608692378,-0.0002740163347707,1.2232142246672582e-32
220.600388709017,-0.0004600409081293,8.936459644540926e-33
220.632179196091,-0.0004149246035561,5.6396912270411345e-33
220.663980158293,-0.0005357336655649,2.3418365074950946e-33
220.695791600319,-2.9404711871584638e-05,3.0321499686302683e-33
220.727613526868,-0.0004416522721422,4.090784466604725e-33
220.759445942642,-5.1214489437768696e-05,5.149767914396062e-33
220.791288852344,0.0004884705946509,6.209100468461115e-33
220.823142260682,0.0015197309593735,7.268782285423065e-33
220.855006172365,0.0014346300625956,7.977221019499719e-33
220.886880592107,-0.0005229043846436,8.520511892325355e-33
220.918765524622,0.0002981695943185,9.063981952526482e-33
220.950660974629,0.0004854770957693,9.607631280537184e-33
220.98256694685,0.0002132825188893,1.0151459956842676e-32
221.014483446007,0.0008079196895909,9.725154656753629e-33
221.046410476828,0.0005075006946841,8.130401985638864e-33
221.078348044042,-0.000300530182008,6.535123022524853e-33
221.110296152382,0.0016101773898686,4.9393175309986255e-33
221.142254806583,0.0001814231379348,3.342985274547302e-33
221.174224011382,0.0012804648701915,2.1684146361426257e-33
221.20620377152,0.0011793273722621,2.357990279733309e-33
221.238194091742,0.0005827658094223,2.5476285233782768e-33
221.270194976793,0.0005085698014276,2.7373293952058356e-33
221.302206431423,0.0003638127483657,2.927092923373928e-33
221.334228460384,-0.0007555420120163,3.168358381195371e-33
221.366261068431,2.020184102404949e-05,5.199028793185709e-33
221.398304260322,0.0015026252514784,7.230370155815606e-33
221.430358040817,0.0013420454186137,9.262382770839799e-33
221.462422414679,0.0003441411842864,1.1295066940203204e-32
221.494497386676,0.0007786261648206,1.3328422966167711e-32
221.526582961576,0.0026549084995585,1.284244399091754e-32
221.558679144151,0.0029439949629848,1.1834496064054827e-32
221.590785939176,0.0018723223633601,1.0826214864007636e-32
221.622903351428,-0.0001115121097678,9.817600240759144e-33
221.655031385689,0.000495954341855,8.808652044135512e-33
221.687170046742,0.0016924986091135,8.044379833022093e-33
221.719319339372,0.0012272233543682,7.418939176530349e-33
221.75147926837,0.000569295064455,6.793291597383694e-33
221.783649838526,0.0011756924093344,6.167437002396225e-33
221.815831054636,0.0025011709498518,5.541375298265318e-33
221.848022921498,0.0007456976771226,8.310683929095921e-33
221.880225443911,0.0022016072403398,1.5127994511950442e-32
221.91243862668,0.0018761711476365,2.1947561904282295e-32
221.944662474611,0.0006826203792597,2.8769387123527147e-32
221.976896992513,0.0007129830107734,3.559347118775576e-32
222.009142185198,0.0005034380890591,4.1749612462060346e-32
222.041398057481,0.001551590340328,4.6213577868782536e-32
222.07366461418,0.0009740588775215,5.067902191675792e-32
222.105941860115,0.0003099297684963,5.514594527303752e-32
222.13822980011,0.0007069960130101,5.961434860522595e-32
222.170528438991,0.0012725534802901,6.255795492482761e-32
222.202837781589,0.0005547552127442,5.425978735898777e-32
222.235157832734,-3.303967479928155e-05,4.5958869464287997e-32
222.267488597263,0.00106557441476,3.7655199998417765e-32
222.299830080013,0.000589180449883,2.934877771906654e-32
222.332182285826,0.0020140859175403,2.1039601382639627e-32
222.364545219544,-0.0004709457969124,2.1098551746572616e-32
222.396918886015,-0.0003157114977649,2.1466329619494392e-32
222.429303290089,0.0003428582561943,2.1834229475905282e-32
222.461698436618,0.0011049175429186,2.2202251370925964e-32
222.494104330457,0.0006935252680428,2.2570395359711183e-32
222.526520976464,0.0010253760012067,3.7446510574982857e-32
222.558948379502,-0.0002423707751649,5.555375823466019e-32
222.591386544434,0.0015787456516114,7.366701526486022e-32
222.623835476128,0.0015755383313811,9.178628438384204e-32
222.656295179453,0.0002722972111272,1.0991156831042306e-31
222.688765659282,0.0007010090152468,1.1900940327318319e-31
222.721246920492,0.0010508207417005,1.238692697230326e-31
222.75373896796,0.0008376408570585,1.2873075001949452e-31
222.78624180657,0.0009509661718632,1.3359384489331603e-31
222.818755441204,0.0007040025141285,1.3845855507494504e-31
222.851279876752,1.5283950004223463e-05,1.3023679149217672e-31
222.883815118104,0.0019291988421112,1.113773708191005e-31
222.916361170152,0.0019041817443147,9.251168360380233e-32
222.948918037794,0.0021372470143847,7.363972700710116e-32
222.981485725928,0.001844311766682,5.476149818981586e-32
223.014064239458,0.0020318330894814,4.087827510752263e-32
223.046653583288,0.0027686614570606,3.357635035133757e-32
223.079253762326,0.001947159835401,2.6271997872951484e-32
223.111864781484,0.0027023768389673,1.8965216571788203e-32
223.144486645675,0.001801119854247,1.1656005347047527e-32
223.177119359818,0.0031751358409166,1.1380005427407508e-32
223.209762928831,0.0020423103355672,2.6038113161424845e-32
223.242417357637,0.0024415147935678,4.070109732349758e-32
223.275082651164,0.0008727075582434,5.536896012647059e-32
223.307758814339,0.0013623584467391,7.004170378273974e-32
223.340445852094,0.0032226041803254,8.220487479971952e-32
223.373143769364,0.0021934820290896,8.532784394355934e-32
223.405852571087,0.0024977498082728,8.845185265853103e-32
223.438572262204,0.0025005294858057,9.15769014165482e-32
223.471302847659,0.0022702438932687,9.470299068981088e-32
223.504044332397,0.0011459712418667,9.563034311004648e-32
223.53679672137,0.0011992127576901,8.094396013130161e-32
223.569560019529,0.0027301736142967,6.62526854030201e-32
223.60233423183,0.0013399072051268,5.155651670289952e-32
223.635119363232,0.001341831597265,3.6855451807292206e-32
223.667915418696,0.002682705274888,2.2596305960213687e-32
223.700722403188,0.0016255725269741,1.9624149302342388e-32
223.733540321674,0.0013458942028901,1.6651002076652453e-32
223.766369179126,0.0010875980136749,1.3676863832704342e-32
223.799208980516,0.0017335523080616,1.0701734120058524e-32
223.832059730822,0.0018763849689852,7.725612487731888e-33
223.864921435023,0.000742062714195,1.9410576101408776e-32
223.897794098102,0.0011686363048277,3.169079481016785e-32
223.930677725045,0.0017793100766808,4.397510928225128e-32
223.963572320839,0.00065974149495,5.626352138064932e-32
223.996477890477,0.0012109729318679,6.855603297059364e-32
224.029394438954,0.0010503930990032,7.139847334191362e-32
224.062321971266,0.0006163357611664,7.31086633868626e-32
224.095260492415,0.0011767615160778,7.481942416998486e-32
224.128210007405,0.0001459287940526,7.653075595117817e-32
224.161170521241,6.78840017814909e-05,7.824265899039217e-32
224.194142038935,0.0015667716560849,6.926330126992267e-32
224.227124565498,-0.0004531986249713,5.814144806196905e-32
224.260118105947,0.0008876750526515,4.701588092315248e-32
224.2931226653,-0.0002663187662179,3.5886598161381226e-32
224.326138248579,0.0013950731130883,2.4753598083214793e-32
224.35916486081,0.0004705096013611,1.9359576327171558e-32
224.39220250702,8.776938720948226e-05,1.5563851375278688e-32
224.425251192239,0.0012370591364079,1.1766858141691687e-32
224.458310921503,0.0016148814595397,7.96859604781997e-33
224.491381699849,0.0017870076452336,4.169064514958069e-33
224.524463532315,0.0019097410993806,8.550101891034681e-33
224.557556423946,0.0011132565755175,1.581596164344525e-32
224.590660379788,0.0013099722163105,2.3084250648829347e-32
224.62377540489,0.0023243406944867,3.035497001574303e-32
224.656901504305,0.0034727751582904,3.7628120853620617e-32
224.690038683087,0.0021913438156028,4.28484073177916e-32
224.723186946296,0.0022311145864587,4.72114202882877e-32
224.756346298993,0.0028477753560752,5.157589287009661e-32
224.789516746242,0.0015586464448347,5.594182572974791e-32
224.822698293111,0.0029668738472944,6.030921953429768e-32
224.855890944672,0.0037627169071114,5.745974747309885e-32
224.889094705997,0.0043637687182736,5.120502070567166e-32
224.922309582163,0.0036889485418141,4.4948200190706735e-32
224.955535578251,0.0031330130352251,3.8689284971075526e-32
224.988772699344,0.0031306610003895,3.242827408927281e-32
225.022020950528,0.0030577479204868,2.672907728630976e-32
225.055280336892,0.0033363571378274,2.1315575852356724e-32
225.088550863528,0.0046686779615028,1.590026115950027e-32
225.121832535531,0.0039123918511931,1.0483132378446995e-32
225.155125358001,0.003721235565466,5.064188679089665e-33
225.188429336039,0.0044247078026497,3.8565374243341546e-33
225.221744474749,0.0028210476874891,4.883550916658212e-33
225.255070779239,0.0045799421017973,5.9109086190668236e-33
225.288408254621,0.0042647694338311,6.9386106891488e-33
225.321756906008,0.0040058317805698,7.966657284523771e-33
225.355116738516,0.0035277272449032,1.0232565428842078e-32
225.388487757268,0.0038174551723756,1.3157111607422076e-32
225.421869967385,0.0037424038789861,1.6082638567080026e-32
225.455263373994,0.0024697392115946,1.900914675713239e-32
225.488667982225,0.0027543354266985,2.1936636627158552e-32
225.522083797211,0.0029771372720314,2.3030208044573572e-32
225.555510824086,0.0025721596376162,2.318227471898684e-32
225.588949067991,0.0011241614643005,2.3334392422061883e-32
225.622398534067,0.0026478523950518,2.3486561177186215e-32
225.655859227459,0.0008175416502818,2.3638781007765548e-32
225.689331153316,0.001654438409047,2.248650761379497e-32
225.722814316788,0.0004452786822159,2.071157352924103e-32
225.756308723032,0.0006646593859699,1.8936043468167588e-32
225.789814377203,0.000419192477676,1.7159917157309407e-32
225.823331284464,-0.0003375212753311,1.5383194322977142e-32
225.856859449978,0.0009847499449559,1.4391667076891248e-32
225.890398878911,-0.0004281815271748,1.3733995944119475e-32
225.923949576436,0.0009729897707781,1.307610384671291e-32
225.957511547724,0.0008823295189343,1.2417990683273956e-32
225.991084797953,0.0010681402709443,1.1759656352267753e-32
226.024669332302,0.0005500511430731,5.479808940761232e-32
226.058265155954,0.0006165495825151,1.1364786788335636e-31
226.091872274095,0.0016172334943753,1.725174309068029e-31
226.125490691914,0.0006809098084702,2.314067875675192e-31
226.159120414604,0.0013721942287787,2.903159469620794e-31
226.192761447361,0.0010005727247588,1.009583221958114e-29
226.226413795382,0.0029995885136437,2.2724173818644937e-29
226.26007746387,0.003475768657172,3.535676352319747e-29
226.29375245803,0.0035871695798385,4.799360328646109e-29
226.327438783071,0.0028518379617002,6.063469506315917e-29
226.361136444202,0.0031898895139761,2.2499283539121102e-27
226.39484544664,0.0030019405484793,4.901586368102058e-27
226.428565795601,0.0033494002400974,7.55413693610464e-27
226.462297496308,0.0044788046038678,1.0207580468777751e-26
226.496040553983,0.0050834913779577,1.2861917376900627e-26
226.529794973855,0.0051157784016096,4.075982508160824e-25
226.563560761153,0.0061564469056745,8.545886185978437e-25
226.597337921112,0.0078693697300147,1.3017295372871904e-24
226.631126458969,0.0067609198584156,1.7490210762113536e-24
226.664926379962,0.005761946517345,2.196463304710804e-24
226.698737689337,0.0055092096831957,5.896798442113821e-23
226.73256039234,0.0051886914815122,1.1881600108728652e-22
226.766394494219,0.0045867843849553,1.7868418764112132e-22
226.800240000229,0.0056702171587578,2.385725533811699e-22
226.834096915625,0.0059956532514611,4.4048003811754815e-22
226.867965245666,0.0056956618992517,6.798704514513105e-21
226.901844995616,0.0049111513709151,1.3159072891857843e-20
226.93573617074,0.0054429250651024,1.9521586158569314e-20
226.969638776307,0.0052468508883554,2.5886245303816003e-20
227.003552817589,0.0060264435256721,8.774858709832415e-20
227.037478299862,0.0050834913779577,6.240385980333911e-19
227.071415228405,0.0047704569234784,1.160509550250709e-18
227.1053636085,0.0039352707355027,1.6971615272475093e-18
227.139323445431,0.0044920615274865,2.2339946125526392e-18
227.173294744487,0.0035762646910554,9.667332786817009e-18
227.20727751096,0.003771911225105,4.556261756774143e-17
227.241271750145,0.0029245372202542,8.147002073416507e-17
227.275277467339,0.001721578312535,1.173895478811981e-16
227.309294667845,0.0018984085679001,1.5332120461028846e-16
227.343323356967,0.0017716125081281,7.381462307544158e-16
227.377363540013,0.0010880256563723,2.644369792390851e-15
227.411415222294,0.0013775397624959,4.5512373021714e-15
227.445478409124,0.0006334414690614,6.458749057675899e-15
227.479553105821,0.0006116316914952,8.366905356708175e-15
227.513639317706,0.0017211506698377,4.163224677158709e-14
227.547737050104,0.0004044388046165,1.2193175241739105e-13
227.581846308341,0.0020393168366855,2.0225840119292132e-13
227.615967097749,0.0010429093517991,2.826122056549356e-13
227.650099423661,0.0007653692412019,3.6299317836254666e-13
227.684243291415,0.0028952436954839,1.7824158331627926e-12
227.718398706351,0.0042483051899821,4.46486361040612e-12
227.752565673814,0.00455342825456,7.148218683035283e-12
227.786744199149,0.0042637003270876,9.832481470828032e-12
227.820934287709,0.0059409149861969,1.2517652394190418e-11
227.855135944846,0.0040289244862281,5.875874320034151e-11
227.889349175917,0.0063405470868949,1.2979340050057398e-10
227.923573986284,0.0067134515190069,2.0085209912334128e-10
227.957810381308,0.0078099273950793,2.7193485019933135e-10
227.992058366358,0.0095795128768219,3.4304166487584206e-10
228.026317946803,0.0117696849514339,1.5041128786881779e-09
228.060589128017,0.0122073772521984,2.994586114236008e-09
228.094871915376,0.0136502437131456,4.4855641076555454e-09
228.129166314262,0.015036019873993,5.9770470930130375e-09
228.163472330056,0.015408282842059,7.469035304331249e-09
228.197789968147,0.0171137219191951,3.0059463671301745e-08
228.232119233923,0.0196237707314445,5.482366418472965e-08
228.266460132779,0.0204653715598807,7.959625648630673e-08
228.30081267011,0.0232012157163447,1.0437724446783953e-07
228.335176851318,0.0217722476430623,1.452895004569252e-07
228.369552681805,0.0209952208619298,4.707282496107257e-07
228.403940166978,0.0220701007817847,7.962773346132864e-07
228.438339312247,0.0222512074641236,1.1219368066815122e-06
228.472750123025,0.0220371722940868,1.4477067170607084e-06
228.507172604729,0.0214966319246033,2.4100001602882093e-06
228.541606762779,0.0195566308279564,5.791275528362142e-06
228.576052602598,0.021869750178064,9.173697992227347e-06
228.610510129614,0.0205032179385985,1.2557268084888371e-05
228.644979349255,0.0183652182730664,1.594198633934976e-05
228.679460266956,0.0188309211705091,2.835496973016895e-05
228.713952888153,0.0179880374139807,5.607985035441747e-05
228.748457218285,0.0186130372161959,8.381414252275416e-05
228.782973262798,0.0175973858099275,0.0001115578506126
228.817501027137,0.0161010640118083,0.0001393109790006
228.852040516753,0.0173275432678832,0.0002489747704808
228.886591737099,0.0138163829010762,0.000428014192618
228.921154693632,0.0144597713392786,0.0006071144299773
228.955729391812,0.01389400005065,0.0007862755108516
228.990315837104,0.0126540500496078,0.0009654974635598
229.024914034973,0.0130207536626079,0.0016692571776409
229.059523990891,0.0120724559811763,0.0025771911338955
229.09414571033,0.0102160590318663,0.0034854336863294
229.12877919877,0.0113792471687295,0.0043939849787012
229.163424461689,0.0122480033084491,0.0053028451547169
229.198081504571,0.0146122259608932,0.008650167413224
229.232750332905,0.0148085139589889,0.0122503459650918
229.267430952181,0.0193798005725913,0.015851748945316
229.302123367893,0.0233639337626963,0.01945437692442
229.336827585538,0.0286716211011805,0.0238110833268426
229.371543610618,0.0390272028394928,0.0348958918809715
229.406271448637,0.0501365048319307,0.0459844723003118
229.441011105101,0.0704302890359163,0.0570768263429265
229.475762585524,0.089849330102419,0.0681729557694326
229.510525895419,0.1256785182166854,0.0838512182853934
229.545301040303,0.1636839800178993,0.1100807420925382
229.5800880257,0.2163836725436552,0.1363191967328587
229.614886857132,0.2633557326021042,0.1625665863713824
229.649697540129,0.3324692071385517,0.1888229151791707
229.684520080222,0.4044547300305781,0.2255747444911443
229.719354482947,0.4858205954895501,0.2723096427675083
229.754200753841,0.558067194248324,0.3190604637417672
229.789058898447,0.615081587769257,0.3658272148505792
229.82392892231,0.6395929980761151,0.4126099035332854
229.858810830979,0.6832444125894336,0.4690844669785841
229.893704630007,0.7411566419535118,0.5291511375379839
229.928610324948,0.8571696911111988,0.5892382858873373
229.963527921362,0.9657137467378664,0.6493459215977053
229.998457424812,0.9131177575662284,0.7094740542453136
230.033398840863,0.962604784327946,0.7591967522936856
230.068352175086,0.9306051365686786,0.8084547083804502
230.103317433053,0.939626686912526,0.8577294679931559
230.13829462034,0.9155427054816978,0.9070210389897756
230.173283742528,0.9825688560122504,0.9491083794399008
230.2082848052,0.9481014960677802,0.9602378099554882
230.243297813943,0.9441729564283362,0.971371039011948
230.278322774346,0.9535394006076132,0.9825080683864368
230.313359692005,0.9556059839426858,0.9936488998583376
230.348408572515,0.9798479793501988,0.9853920944688962
230.383469421478,1.0,0.9514181345387166
230.418542244498,0.9530897343113224,0.9174325717482312
230.453627047183,0.960707119858335,0.8834354006632885
230.488723835143,0.9226847661705768,0.849426615847799
230.523832613994,0.9294887753071802,0.7984314355255029
230.558953389354,0.9737273432440005,0.7393846389924734
230.594086166844,0.8892724007605295,0.6803176638807875
230.629230952089,0.889506535137343,0.6212305007334153
230.664387750719,0.8658739305735973,0.5621231400849203
230.699556568364,0.8757400752447583,0.5063677122011634
230.734737410662,0.8458508441970486,0.4508269537086002
230.769930283251,0.7427342158641304,0.3952672027348063
230.805135191774,0.6991225721216616,0.3396884503710553
230.840352141877,0.6313078484571494,0.2879595599254652
230.875581139209,0.5909400883956295,0.2517615283418135
230.910822189425,0.5329292873898102,0.2155511123388269
230.94607529818,0.4385237408024443,0.1793283061059549
230.981340471136,0.3479922094106087,0.1430931038254546
231.016617713955,0.2926099142442122,0.1156836449204557
231.051907032306,0.2276291787352073,0.0981922870167083
231.087208431859,0.1739666486763091,0.0806949409942335
231.122521918288,0.1349538745014258,0.0631916040406802
231.157847497272,0.1040299619474119,0.0456822733412184
231.193185174492,0.0870711493189148,0.0364779438456881
231.228534955633,0.0772347258152166,0.0300353684982631
231.263896846384,0.0758188008442044,0.0235905861477864
231.299270852436,0.0673204713405969,0.0171435957570608
231.334656979486,0.0487994799385841,0.010867040023399
231.370055233233,0.0468776536565757,0.0090326401087109
231.40546561938,0.0467147217888753,0.0071976114716659
231.440888143632,0.0444422284950185,0.0053619538166209
231.476322811701,0.0443438706746219,0.00352566684757
231.511769629299,0.0436515171475699,0.0021634404189369
231.547228602144,0.0454645083630961,0.0017560175872295
231.582699735955,0.0468500707025949,0.0013484550262856
231.618183036459,0.0479356416898843,0.0009407526703019
231.653678509381,0.0489153711095731,0.0005329104534986
231.689186160454,0.0481276532610062,0.0003387065428909
231.724705995413,0.052333946832398,0.0002677752711197
231.760238019996,0.0518609740091,0.0001968196573004
231.795782239945,0.0494054496407661,0.0001258396899664
231.831338661007,0.0487165172552931,5.483535764135467e-05
231.86690728893,0.0497082206705085,4.168636816886317e-05
231.902488129467,0.047410068814809,3.1972754098499314e-05
231.938081188375,0.045073856759043,2.225580439753564e-05
231.973686471415,0.0412417505478553,1.253551749321192e-05
232.009303984349,0.0380703523041137,5.078095551418972e-06
232.044933732945,0.0361643488019082,4.029591034081966e-06
232.080575722975,0.0324062247773665,2.9807262784790885e-06
232.116229960212,0.0300473476586396,1.931501114723746e-06
232.151896450435,0.0281197482002166,8.819153727527796e-07
232.187575199426,0.0244704592421571,3.9487470248832005e-07
232.223266212971,0.0211577250869327,3.0545151951888135e-07
232.258969496857,0.0176878322404226,2.1599759343403766e-07
232.294685056879,0.0162385511390148,1.2651290971452206e-07
232.330412898832,0.0139778180193357,3.699745384106782e-08
232.366153028517,0.0120125860035436,2.414373355297837e-08
232.401905451736,0.0105675813291096,1.8112362712862806e-08
232.437670174298,0.0096423763533362,1.2078916995241217e-08
232.473447202013,0.0078687282659686,6.043395419976839e-09
232.509236540696,0.0075212685743505,1.4809369716284812e-09
232.545038196164,0.0048033854111763,1.159034843907302e-09
232.580852174241,0.0060672834032716,8.370219203582674e-10
232.61667848075,0.0040041212097803,5.14898148625248e-10
232.652517121522,0.0036339964552012,1.9266347628018536e-10
232.68836810239,0.002300178882085,5.7203293278585074e-11
232.724231429188,0.0011136842182148,4.3589533504645485e-11
232.760107107759,0.0015905058257893,2.997108498358126e-11
232.795995143946,0.0008530359941641,1.6347945497382917e-11
232.831895543596,0.0012366314937105,2.720112826522595e-12
232.86780831256,0.0005633080666917,1.7364331919809813e-12
232.903733456694,0.0010890947631157,1.2801205589284976e-12
232.939670981855,0.0009248799673233,8.236506650169012e-13
232.975620893907,0.0008297294671571,3.670234357630592e-13
233.011583198714,0.0018071068520103,5.346247604743448e-14
233.047557902147,0.0001861272076059,4.133957295534133e-14
233.083545010079,0.0015171651031892,2.921248974430536e-14
233.119544528386,0.0005992300532713,1.708122443420797e-14
233.15555646295,0.0026239044039987,4.945775042908704e-15
233.191580819655,0.0019056784937555,1.025148725300499e-15
233.227617604389,0.0016537969450009,7.696147419199864e-16
233.263666823043,0.0027353053266652,5.139925905985745e-16
233.299728481514,0.0032636578792735,2.582822295211033e-16
233.335802585701,0.003049408887888,1.97005969763348e-17
233.371889141506,0.0040761790042882,1.542893279985284e-17
233.407988154836,0.0035531719853971,1.1155793992110488e-17
233.444099631601,0.0044529322206766,6.881179853524893e-18
233.480223577716,0.0023529927552109,2.6050896839213518e-18
233.516359999099,0.0054805576224715,2.384483718777818e-19
233.55250890167,0.003112486185751,1.8176754991937892e-19
233.588670291356,0.0036536680192805,1.2506714839170154e-19
233.624844174085,0.0037950039307633,6.834715799975331e-20
233.661030555791,0.0047443707189384,1.1607569439130179e-20
233.697229442408,0.0048174976201897,2.2664820628259253e-21
233.733440839879,0.003618387496747,1.6696076347712658e-21
233.769664754147,0.0040836627514923,1.0725268916729401e-21
233.80590119116,0.0041944222101127,4.75239735489741e-22
233.842150156868,0.003821303956652,2.186166989172985e-23
233.878411657229,0.0033667197693411,1.687462677666645e-23
233.9146856982,0.0035290101729954,1.1885858951865814e-23
233.950972285744,0.0021312600166214,6.89536559723673e-24
233.987271425828,0.0005344421846188,1.9031458921378573e-24
234.023583124422,0.002832807861667,1.3110774015287279e-25
234.059907387501,0.0031161211486787,9.802639234177802e-26
234.096244221042,0.0019531468331642,6.493359631975425e-26
234.132593631027,0.0016523001955601,3.1829346638855543e-26
234.168955623442,0.0007401383220568,7.8732312792248765e-28
234.205330204275,0.0023078764506378,6.137800195733841e-28
234.24171737952,0.0015032667155245,4.4017682329044725e-28
234.278117155173,0.0007700733108731,2.665135104667638e-28
234.314529537235,0.001295218543251,9.279005247156555e-29
234.350954531711,-0.0001405918131893,2.7521446990859732e-30
234.387392144609,-0.0003242643517124,2.0800902978033593e-30
234.42384238194,0.0006633764578777,1.4078030518010561e-30
234.460305249721,-0.0010501878305084,7.352828501016706e-31
234.496780753971,-0.000396535967569,6.252958169092007e-32
234.533268900714,0.0013095445736131,5.117795990715209e-33
234.569769695976,0.0007136244748194,7.272486130607114e-33
234.606283145789,-0.0008705778976104,9.427923285353596e-33
234.642809256189,-0.0004065855709573,1.1584107811267696e-32
234.679348033212,-0.0003084415719095,1.358581171692445e-32
234.715899482903,-0.0015627176033137,1.5296078035426994e-32
234.752463611307,0.0001243328378351,1.7006937599231412e-32
234.789040424475,-0.0017508803901593,1.8718390691467969e-32
234.825629928461,-0.0015800371325575,2.0430437595407286e-32
234.862232129322,-0.0008485542986956,2.1506922170783247e-32
234.89884703312,0.0007972286221565,2.2414144511903335e-32
234.935474645921,-0.0013377775444939,2.3321681749152027e-32
234.972114973795,-0.0008179778458332,2.422953403292817e-32
235.008768022814,0.000406790839452,2.434597660482501e-32
235.045433799055,0.0007553196378136,2.1943655024044816e-32
235.082112308601,-0.0002618285178955,1.9540499164093904e-32
235.118803557534,0.0001476393648421,1.7136508626482963e-32
235.155507551945,0.0009013596189676,1.473168301213301e-32
235.192224297926,-0.0001036007198663,1.2028194274981546e-32
235.228953801573,-0.0011359301913323,9.193681834801e-33
235.265696068986,0.0008844677324212,6.358184381213841e-33
235.30245110627,-2.961853322027249e-05,3.521701443081154e-33
235.339218919533,0.0016531554809549,1.770847463014152e-33
235.375999514887,0.001064932950714,5.722938162078386e-33
235.412792898447,-0.0015133248717668,9.676402959345868e-33
235.449599076333,-0.0018310633959173,1.3631242512413215e-32
235.486418054669,0.0011222370721624,1.7587457479306845e-32
235.523249839583,0.0005173364767238,2.4846521804709465e-32
235.560094437206,0.0004538315361634,3.403741621849816e-32
235.596951853672,0.0003225452280689,4.323150829599119e-32
235.633822095122,1.742216349110404e-05,5.24287995690626e-32
235.670705167699,0.0005844763802118,6.079979787711051e-32
235.707601077549,0.0004136331226101,6.242520385334251e-32
235.744509830823,0.001105345185616,6.405117563153497e-32
235.781431433677,-1.9568929831932567e-05,6.56777134828832e-32
235.818365892268,9.846045464388642e-05,6.73048176786266e-32
235.855313212761,0.0003843395978398,6.196373417534951e-32
235.892273401321,-0.0009700048247504,5.187368764987133e-32
235.929246464119,-0.0002545585920401,4.1780126487010025e-32
235.96623240733,0.0004429266473803,3.16830490010048e-32
236.003231237131,0.0002350922964555,2.2059912060724515e-32
236.040242959706,-0.0013223824073883,1.7424774619862458e-32
236.07726758124,0.0002064402357313,1.2788021786804383e-32
236.114305107924,0.0001014539535255,8.149652786224685e-33
236.151355545952,6.489050289985759e-05,3.509666842422068e-33
236.188418901523,0.0001886930637902,7.578399476248975e-33
236.225495180837,-0.0007099980647457,1.778178340970263e-32
236.262584390102,-0.0009274543763615,2.7988725662834925e-32
236.299686535527,-0.0007942436761288,3.8199227944361286e-32
236.336801623327,0.0004549006429069,4.8101959967630045e-32
236.373929659719,0.0003742899944515,5.498677905698823e-32
236.411070650925,0.0005611698532048,6.18740004158816e-32
236.448224603172,0.0003171996943517,6.876362519901084e-32
236.485391522688,-0.0004820645070442,7.565565456126206e-32
236.522571415709,-0.0005427897700716,7.223267738929609e-32
236.559764288471,-0.0002355284920068,6.212862727878293e-32
236.596970147216,-0.0011564570408064,5.202104931432301e-32
236.634188998191,0.0005280275441582,4.1909941798816877e-32
236.671420847645,0.0003383680078719,3.220731316558256e-32
236.708665701832,-0.0004919002890838,2.531688090152582e-32
236.74592356701,-0.0010598097911994,1.842404155723932e-32
236.78319444944,0.0003903265956031,1.1528793974415495e-32
236.820478355389,-0.0003095106786529,4.63113699363676e-33
236.857775291126,4.607422421530685e-05,1.1228260299041741e-32
236.895085262924,0.000656320353371,2.492886920359603e-32
236.932408277063,-0.0006518386579025,3.8634267391139017e-32
236.969744339824,0.0006586723882066,5.234445716811907e-32
237.007093457492,-0.0018408991779569,6.51578726335008e-32
237.044455636357,-0.0006937476422454,7.412897345883509e-32
237.081830882714,-0.0005051572127025,8.310321194347692e-32
237.11921920286,-0.0010531813293901,9.208058959941044e-32
237.156620603098,0.0003069362696147,1.0106110794006048e-31
237.194035089733,0.0006007268027121,9.205370016239195e-32
237.231462669076,-0.0004493498406949,7.643688961991156e-32
237.26890334744,-0.0007390777681673,6.081461345734995e-32
237.306357131144,-0.0006157028499742,4.518686903807852e-32
237.34382402651,-0.0014868110245295,3.234599574849847e-32
237.381304039864,0.0003802769922147,2.668348438695891e-32
237.418797177537,-0.0008481266559982,2.1018990192469212e-32
237.456303445863,0.0007442009276818,1.5352512208083432e-32
237.493822851181,0.0003879745607675,9.684049476100206e-33
237.531355399832,0.0015376919526633,2.802843660554493e-32
237.568901098164,0.0004189786563273,5.111193440868448e-32
237.606459952527,0.0005720747419879,7.420352068070802e-32
237.644031969277,0.0001437905805657,9.730319932935252e-32
237.681617154771,-0.0011044984530752,1.1549063433403615e-31
237.719215515372,-8.286004904360418e-05,1.2623255120055635e-31
237.756827057449,-0.0005248287767818,1.3697823403764303e-31
237.794451787371,0.0005851178442579,1.4772768466493051e-31
237.832089711514,-0.000796168068267,1.5848090490405302e-31
237.869740836258,0.0012302168532498,1.392782272356993e-31
237.907405167985,-0.000320415567436,1.1904508057913384e-31
237.945082713083,0.0005784893824486,9.88048357460971e-32
237.982773477944,0.0003287460471809,7.855748930282914e-32
238.020477468963,-0.0010185422709026,6.140848079562925e-32
238.058194692541,0.0001159938052363,4.6866801921065556e-32
238.09592515508,0.0005530446419547,3.23200188341227e-32
238.13366886299,-0.0011436277598851,1.7768129063458582e-32
238.171425822681,-0.0005772150072104,5.91591572022692e-33
238.209196040572,0.000199811773922,1.2819868067887798e-32
238.246979523081,0.0011472541699589,1.9726245031971226e-32
238.284776276634,0.000423255083301,2.663504778707456e-32
238.322586307659,-0.001212264412814,3.354627750816072e-32
238.360409622589,-8.713647601736599e-05,3.743615480452848e-32
238.398246227862,-0.0003486399854628,4.012678882454487e-32
238.436096129917,-0.0002838521168103,4.28183684043901e-32
238.473959335201,0.0003559013584643,4.551089400252279e-32
238.511835850162,-0.0003719465124698,4.511340510906322e-32
238.549725681255,-0.0006441410893498,3.791280279651334e-32
238.587628834937,-0.0004375896665171,3.0709668652535456e-32
238.625545317671,-0.0008988023156373,2.3504001448897862e-32
238.663475135921,-0.0002267618167106,1.6295799957178769e-32
238.701418296158,-0.0012186790532746,1.365923370763027e-32
238.739374804858,0.0004707234227098,1.1441971795746035e-32
238.777344668497,0.000199811773922,9.22392974368046e-33
238.81532789356,-0.0002872732583894,7.005107172606727e-33
238.853324486533,0.0014376235614773,7.05111145969043e-33
238.891334453907,0.0002226906582316,9.138416037307832e-33
238.929357802177,-0.0007814143952075,1.1226455422329796e-32
238.967394537844,-0.0009631625415924,1.3315229971756543e-32
239.00544466741,-0.0004696628688203,1.489235922810904e-32
239.043508197384,-0.0004264709563853,1.3400564019743235e-32
239.081585134277,0.0007174732590958,1.1908243364117627e-32
239.119675484607,-0.0012550286825516,1.0415397005777167e-32
239.157779254893,-0.0001318251378931,8.922024689227603e-33
239.195896451661,0.0017074661035216,7.074512512298447e-33
239.234027081439,-0.001039496763074,5.118793969352916e-33
239.272171150761,0.001082038658609,3.162386112709642e-33
239.310328666163,0.0005973056611331,1.2052886071374347e-33
239.348499634188,-0.0001897707233876,7.250490966810849e-34
239.386684061382,-0.0008171225604384,2.4866164092686814e-33
239.424881954294,1.2504272471278647e-05,4.248804937634868e-33
239.46309331948,6.232464671560064e-05,6.011614984228473e-33
239.501318163496,0.0017179433496073,7.746588318420835e-33
239.539556492907,-2.44868208517586e-05,8.685094623831915e-33
239.57780831428,-0.0017350576103563,9.623932070576948e-33
239.616073634185,0.0009766247337058,1.05631008199074e-32
239.654352459198,-0.0008077144210961,1.1502601033221983e-32
239.6926447959,-0.0007888981424116,1.0375061686380415e-32
239.730950650874,-1.3368110719978702e-05,8.266798678915453e-33
239.769270030709,-0.00012092024911,6.157791295319302e-33
239.807602941996,0.0004720063508019,4.048039172839023e-33
239.845949391335,-0.0001420885626302,3.0138152283827864e-33
239.884309385324,-0.0005376580577031,4.175055654298543e-33
239.922682930571,0.0001957491682969,5.336706306259071e-33
239.961070033684,-0.0012024286307743,6.4987673843029e-33
239.999470701277,-0.0004871962194127,7.661239088650192e-33
240.03788493997,0.0002318849762252,1.3369151104640812e-32
240.076312756384,-3.98819579573003e-05,1.9142602660219007e-32
240.114754157147,0.0007628033850177,2.4918095148334744e-32
240.15320914889,-0.0005224767419462,3.0695629565239176e-32
240.191677738248,-0.0001829284402296,3.271750680465275e-32
