freq_hz,freq_THz,I_obs,I_standard,I_cat
220219718218636.0,220.219718218636,0.0013750576588509528,4.062017003301467e-32,4.0620170033014664e-32
220251383369437.0,220.251383369437,0.001754528228362475,4.062017003301467e-32,4.0620170033014664e-32
220283058939232.0,220.283058939232,0.0007378728995886262,4.062017003301467e-32,4.0620170033014664e-32
220314744932684.0,220.314744932684,-0.0002357604493726826,4.062017003301467e-32,4.0620170033014664e-32
220346441354458.0,220.346441354458,0.001509553556905671,3.8947080453207294e-32,3.894708045320729e-32
220378148209223.0,220.378148209223,-0.00018229624145031062,3.4900061602288926e-32,3.490006160228892e-32
220409865501650.0,220.40986550165,0.0016336072268505486,3.08517105027074e-32,3.08517105027074e-32
220441593236412.0,220.441593236412,0.0008487693621151077,2.6802026558007504e-32,2.6802026558007504e-32
220473331418185.0,220.473331418185,5.9336917011344134e-05,2.275100917135109e-32,2.2751009171351094e-32
220505080051648.0,220.505080051648,0.0007687818947937514,1.8820251949988383e-32,1.8820251949988386e-32
220536839141485.0,220.536839141485,0.00023748132856518415,1.55267395196994e-32,1.55267395196994e-32
220568608692378.0,220.568608692378,-0.0005398381319311706,1.2232142246672582e-32,1.2232142246672582e-32
220600388709017.0,220.600388709017,0.0008040766258050025,8.936459644540926e-33,8.936459644540925e-33
220632179196091.0,220.632179196091,0.0010074912293846527,5.639691227041135e-33,5.6396912270411324e-33
220663980158293.0,220.663980158293,0.0003590288637637007,2.3418365074950946e-33,2.3418365074950918e-33
220695791600319.0,220.695791600319,-0.00018751735550523015,3.0321499686302676e-33,3.0321499686302676e-33
220727613526868.0,220.727613526868,0.0005724680063287936,4.090784466604725e-33,4.090784466604725e-33
220759445942642.0,220.759445942642,-4.821803251998822e-05,5.1497679143960615e-33,5.149767914396062e-33
220791288852344.0,220.791288852344,0.00151748965026915,6.209100468461115e-33,6.209100468461116e-33
220823142260682.0,220.823142260682,0.0005954409081704372,7.268782285423065e-33,7.268782285423066e-33
220855006172365.0,220.855006172365,0.0015972682730283118,7.97722101949972e-33,7.977221019499722e-33
220886880592107.0,220.886880592107,-0.0003184628960026011,8.520511892325355e-33,8.520511892325356e-33
220918765524622.0,220.918765524622,0.0008700715074591778,9.063981952526482e-33,9.063981952526484e-33
220950660974629.0,220.950660974629,0.0006837821579796665,9.607631280537185e-33,9.607631280537187e-33
220982566946850.0,220.98256694685,4.826815521491607e-05,1.0151459956842677e-32,1.0151459956842679e-32
221014483446007.0,221.014483446007,0.000900771658102102,9.72515465675363e-33,9.725154656753632e-33
221046410476828.0,221.046410476828,0.0008638061705932748,8.130401985638864e-33,8.130401985638865e-33
221078348044042.0,221.078348044042,0.00047055185997677267,6.535123022524854e-33,6.535123022524856e-33
221110296152382.0,221.110296152382,0.0012754388026830965,4.939317530998626e-33,4.9393175309986276e-33
221142254806583.0,221.142254806583,-0.0008712744521374311,3.342985274547302e-33,3.3429852745473034e-33
221174224011382.0,221.174224011382,0.0015870348894806722,2.1684146361426257e-33,2.168414636142626e-33
221206203771520.0,221.20620377152,-0.0003318289479831938,2.3579902797333087e-33,2.3579902797333087e-33
221238194091742.0,221.238194091742,0.00017712525009031896,2.547628523378277e-33,2.547628523378277e-33
221270194976793.0,221.270194976793,0.0009239534045059429,2.7373293952058353e-33,2.737329395205835e-33
221302206431423.0,221.302206431423,0.0006725045516210411,2.9270929233739277e-33,2.9270929233739274e-33
221334228460384.0,221.334228460384,0.00010402965332145202,3.168358381195371e-33,3.1683583811953705e-33
221366261068431.0,221.366261068431,-0.000608339148331709,5.199028793185709e-33,5.199028793185709e-33
221398304260322.0,221.398304260322,0.0007748383870974534,7.230370155815606e-33,7.230370155815607e-33
221430358040817.0,221.430358040817,0.0020717631183393573,9.262382770839799e-33,9.262382770839802e-33
221462422414679.0,221.462422414679,0.000656005831207499,1.1295066940203205e-32,1.1295066940203209e-32
221494497386676.0,221.494497386676,0.0009435847933524428,1.3328422966167711e-32,1.3328422966167714e-32
221526582961576.0,221.526582961576,0.0011591123815395032,1.284244399091754e-32,1.2842443990917543e-32
221558679144151.0,221.558679144151,0.0009189411350132205,1.1834496064054829e-32,1.183449606405483e-32
221590785939176.0,221.590785939176,0.001470499623774878,1.0826214864007637e-32,1.0826214864007637e-32
221622903351428.0,221.622903351428,0.0004797410207134305,9.817600240759144e-33,9.817600240759144e-33
221655031385689.0,221.655031385689,-3.401660229060869e-05,8.808652044135512e-33,8.80865204413551e-33
221687170046742.0,221.687170046742,-2.1694773120999416e-05,8.044379833022093e-33,8.044379833022091e-33
221719319339372.0,221.719319339372,0.0008625531032200942,7.41893917653035e-33,7.418939176530349e-33
221751479268370.0,221.75147926837,0.00048370906739516874,6.793291597383694e-33,6.793291597383693e-33
221783649838526.0,221.783649838526,0.0008690272846481981,6.167437002396225e-33,6.167437002396223e-33
221815831054636.0,221.815831054636,0.0008704891965835733,5.5413752982653175e-33,5.541375298265316e-33
221848022921498.0,221.848022921498,0.0004803675544000201,8.310683929095922e-33,8.310683929095922e-33
221880225443911.0,221.880225443911,0.001196286713610525,1.5127994511950442e-32,1.512799451195044e-32
221912438626680.0,221.91243862668,0.002029576516775613,2.1947561904282298e-32,2.1947561904282292e-32
221944662474611.0,221.944662474611,0.0029464041448194044,2.8769387123527147e-32,2.876938712352714e-32
221976896992513.0,221.976896992513,0.0004910186270720557,3.559347118775576e-32,3.5593471187755754e-32
222009142185198.0,222.009142185198,0.0022501163744553954,4.174961246206035e-32,4.1749612462060346e-32
222041398057481.0,222.041398057481,0.001030046442101903,4.621357786878254e-32,4.621357786878254e-32
222073664614180.0,222.07366461418,0.001740953331819683,5.067902191675792e-32,5.067902191675791e-32
222105941860115.0,222.105941860115,0.001962746256872646,5.514594527303752e-32,5.514594527303752e-32
222138229800110.0,222.13822980011,6.915261143459225e-05,5.961434860522596e-32,5.961434860522595e-32
222170528438991.0,222.170528438991,0.0019652523916190074,6.255795492482761e-32,6.255795492482761e-32
222202837781589.0,222.202837781589,0.0015958063610929363,5.425978735898777e-32,5.425978735898777e-32
222235157832734.0,222.235157832734,0.0013165811814358612,4.5958869464287997e-32,4.5958869464287997e-32
222267488597263.0,222.267488597263,0.0013345418137847849,3.7655199998417765e-32,3.7655199998417765e-32
222299830080013.0,222.299830080013,0.0017714446379004129,2.934877771906654e-32,2.934877771906654e-32
222332182285826.0,222.332182285826,0.0006021239341607339,2.1039601382639627e-32,2.1039601382639627e-32
222364545219544.0,222.364545219544,0.0013000824610223188,2.1098551746572616e-32,2.1098551746572616e-32
222396918886015.0,222.396918886015,0.003249855293691307,2.1466329619494392e-32,2.1466329619494392e-32
222429303290089.0,222.429303290089,0.002255755177634708,2.1834229475905285e-32,2.1834229475905285e-32
222461698436618.0,222.461698436618,0.0009565331562086381,2.2202251370925964e-32,2.2202251370925966e-32
222494104330457.0,222.494104330457,0.0005680822705226609,2.2570395359711186e-32,2.257039535971119e-32
222526520976464.0,222.526520976464,0.0022313203638576868,3.744651057498286e-32,3.744651057498287e-32
222558948379502.0,222.558948379502,0.0009782529906771035,5.555375823466019e-32,5.555375823466017e-32
222591386544434.0,222.591386544434,0.0016822680098423969,7.366701526486022e-32,7.366701526486023e-32
222623835476128.0,222.623835476128,0.0010390267582763618,9.178628438384204e-32,9.178628438384204e-32
222656295179453.0,222.656295179453,0.0016501059472640908,1.0991156831042306e-31,1.0991156831042306e-31
222688765659282.0,222.688765659282,0.0018572797529632827,1.1900940327318319e-31,1.1900940327318319e-31
222721246920492.0,222.721246920492,0.0015701184799427343,1.238692697230326e-31,1.238692697230326e-31
222753738967960.0,222.75373896796,0.0009001451244155117,1.2873075001949452e-31,1.2873075001949452e-31
222786241806570.0,222.78624180657,0.0007570865993107306,1.3359384489331603e-31,1.3359384489331603e-31
222818755441204.0,222.818755441204,0.000269434546581289,1.3845855507494504e-31,1.3845855507494504e-31
222851279876752.0,222.851279876752,0.0005822837007520411,1.3023679149217672e-31,1.3023679149217672e-31
222883815118104.0,222.883815118104,0.0012840014297331658,1.113773708191005e-31,1.113773708191005e-31
222916361170152.0,222.916361170152,0.0025372776474759436,9.251168360380234e-32,9.251168360380234e-32
222948918037794.0,222.948918037794,0.003211427894247097,7.363972700710116e-32,7.363972700710116e-32
222981485725928.0,222.981485725928,0.0015513224693450257,5.476149818981586e-32,5.476149818981586e-32
223014064239458.0,223.014064239458,0.0008926267201764282,4.0878275107522625e-32,4.087827510752262e-32
223046653583288.0,223.046653583288,0.002421577760018941,3.3576350351337575e-32,3.3576350351337575e-32
223079253762326.0,223.079253762326,0.001112331199607426,2.6271997872951484e-32,2.6271997872951484e-32
223111864781484.0,223.111864781484,0.000966348850631888,1.8965216571788203e-32,1.8965216571788208e-32
223144486645675.0,223.144486645675,0.0006789787330491389,1.1656005347047527e-32,1.1656005347047532e-32
223177119359818.0,223.177119359818,0.00014642509944739468,1.1380005427407508e-32,1.1380005427407508e-32
223209762928831.0,223.209762928831,0.0004486231809461124,2.6038113161424845e-32,2.6038113161424845e-32
223242417357637.0,223.242417357637,0.0013040505077040552,4.070109732349758e-32,4.070109732349758e-32
223275082651164.0,223.275082651164,0.0014425144524405095,5.536896012647059e-32,5.536896012647059e-32
223307758814339.0,223.307758814339,0.0011048127953683425,7.004170378273974e-32,7.004170378273974e-32
223340445852094.0,223.340445852094,0.0014015809182499458,8.220487479971952e-32,8.220487479971952e-32
223373143769364.0,223.373143769364,0.0010599112144960361,8.532784394355934e-32,8.532784394355934e-32
223405852571087.0,223.405852571087,-0.0009193087014426888,8.845185265853104e-32,8.845185265853105e-32
223438572262204.0,223.438572262204,0.0023476467850012863,9.15769014165482e-32,9.157690141654821e-32
223471302847659.0,223.471302847659,-0.000256227216467965,9.470299068981088e-32,9.470299068981089e-32
223504044332397.0,223.504044332397,0.0012574781703341789,9.563034311004647e-32,9.563034311004648e-32
223536796721370.0,223.53679672137,0.00010653578806781318,8.094396013130161e-32,8.094396013130162e-32
223569560019529.0,223.569560019529,0.0021477825389789834,6.62526854030201e-32,6.625268540302011e-32
223602334231830.0,223.60233423183,0.0011002182150000159,5.155651670289952e-32,5.155651670289952e-32
223635119363232.0,223.635119363232,0.0011474170860564824,3.6855451807292206e-32,3.6855451807292206e-32
223667915418696.0,223.667915418696,0.0014738411367700242,2.2596305960213692e-32,2.2596305960213692e-32
223700722403188.0,223.700722403188,0.000705501992448132,1.962414930234239e-32,1.962414930234239e-32
223733540321674.0,223.733540321674,0.00014893123419375585,1.6651002076652453e-32,1.6651002076652453e-32
223766369179126.0,223.766369179126,0.0008195311234075651,1.3676863832704342e-32,1.3676863832704342e-32
223799208980516.0,223.799208980516,0.0003891024807200347,1.0701734120058524e-32,1.0701734120058524e-32
223832059730822.0,223.832059730822,0.001343104440834848,7.725612487731888e-33,7.725612487731888e-33
223864921435023.0,223.864921435023,0.0008335237090747463,1.9410576101408778e-32,1.9410576101408778e-32
223897794098102.0,223.897794098102,0.0016409167865274377,3.169079481016785e-32,3.169079481016785e-32
223930677725045.0,223.930677725045,0.0021325368859386154,4.397510928225128e-32,4.397510928225128e-32
223963572320839.0,223.963572320839,0.0011561885576687463,5.626352138064932e-32,5.626352138064932e-32
223996477890477.0,223.996477890477,0.0007240891584836399,6.855603297059364e-32,6.855603297059364e-32
224029394438954.0,224.029394438954,0.0015690742571317486,7.139847334191363e-32,7.139847334191363e-32
224062321971266.0,224.062321971266,-0.00011755442716931405,7.31086633868626e-32,7.310866338686261e-32
224095260492415.0,224.095260492415,0.0021101905177835657,7.481942416998487e-32,7.481942416998487e-32
224128210007405.0,224.128210007405,0.0026078671094984522,7.653075595117817e-32,7.653075595117818e-32
224161170521241.0,224.161170521241,0.0018911125720391586,7.824265899039217e-32,7.824265899039218e-32
224194142038935.0,224.194142038935,0.0018485082813510184,6.926330126992267e-32,6.926330126992268e-32
224227124565498.0,224.227124565498,0.0006075538927778493,5.814144806196906e-32,5.814144806196906e-32
224260118105947.0,224.260118105947,0.0030967722296010745,4.701588092315248e-32,4.7015880923152485e-32
224293122665300.0,224.2931226653,0.0024050790396053924,3.588659816138123e-32,3.588659816138123e-32
224326138248579.0,224.326138248579,0.0015381652619266297,2.4753598083214793e-32,2.4753598083214793e-32
224359164860810.0,224.35916486081,0.002847829511462534,1.9359576327171558e-32,1.935957632717156e-32
224392202507020.0,224.39220250702,0.0015859906666696863,1.556385137527869e-32,1.556385137527869e-32
224425251192239.0,224.425251192239,0.0024088382417249343,1.1766858141691688e-32,1.176685814169169e-32
224458310921503.0,224.458310921503,0.0024859018851755396,7.96859604781997e-33,7.96859604781997e-33
224491381699849.0,224.491381699849,0.0025500171657699506,4.169064514958069e-33,4.169064514958069e-33
224524463532315.0,224.524463532315,0.00245311328891065,8.550101891034681e-33,8.550101891034681e-33
224557556423946.0,224.557556423946,0.0018460021466046572,1.5815961643445253e-32,1.5815961643445253e-32
224590660379788.0,224.590660379788,0.0020494167501843076,2.3084250648829347e-32,2.3084250648829347e-32
224623775404890.0,224.62377540489,0.0029240577766643547,3.035497001574303e-32,3.035497001574303e-32
224656901504305.0,224.656901504305,0.0022380033898479856,3.762812085362062e-32,3.762812085362062e-32
224690038683087.0,224.690038683087,0.002558997481944409,4.2848407317791604e-32,4.2848407317791604e-32
224723186946296.0,224.723186946296,0.002456872491030192,4.72114202882877e-32,4.72114202882877e-32
224756346298993.0,224.756346298993,0.0028647459210004718,5.157589287009661e-32,5.157589287009661e-32
224789516746242.0,224.789516746242,0.003117238996696359,5.594182572974792e-32,5.594182572974792e-32
224822698293111.0,224.822698293111,0.0031615140438820757,6.030921953429768e-32,6.030921953429768e-32
224855890944672.0,224.855890944672,0.0039047918407403557,5.745974747309885e-32,5.745974747309885e-32
224889094705997.0,224.889094705997,0.005628386012550248,5.120502070567166e-32,5.120502070567166e-32
224922309582163.0,224.922309582163,0.003929226654517377,4.4948200190706735e-32,4.4948200190706735e-32
224955535578251.0,224.955535578251,0.002723775841517656,3.868928497107553e-32,3.868928497107553e-32
224988772699344.0,224.988772699344,0.003052288337853163,3.242827408927281e-32,3.242827408927281e-32
225022020950528.0,225.022020950528,0.0035704316966633344,2.672907728630976e-32,2.672907728630976e-32
225055280336892.0,225.055280336892,0.0034722747524308603,2.1315575852356724e-32,2.1315575852356724e-32
225088550863528.0,225.088550863528,0.003293294962628231,1.590026115950027e-32,1.590026115950027e-32
225121832535531.0,225.121832535531,0.0015901675579136237,1.0483132378446997e-32,1.0483132378446997e-32
225155125358001.0,225.155125358001,0.0037728020774319988,5.064188679089665e-33,5.064188679089665e-33
225188429336039.0,225.188429336039,0.0032738724183439317,3.8565374243341546e-33,3.8565374243341546e-33
225221744474749.0,225.221744474749,0.0026767858150233844,4.8835509166582116e-33,4.8835509166582116e-33
225255070779239.0,225.255070779239,0.0027805815624351777,5.910908619066824e-33,5.910908619066824e-33
225288408254621.0,225.288408254621,0.003295174563688002,6.9386106891488e-33,6.9386106891488e-33
225321756906008.0,225.321756906008,0.0039313151001393425,7.966657284523771e-33,7.966657284523771e-33
225355116738516.0,225.355116738516,0.002695164136496697,1.0232565428842078e-32,1.0232565428842078e-32
225388487757268.0,225.388487757268,0.002826527366118464,1.3157111607422076e-32,1.3157111607422076e-32
225421869967385.0,225.421869967385,0.0026678054988489254,1.6082638567080026e-32,1.6082638567080026e-32
225455263373994.0,225.455263373994,0.0027181370383383436,1.900914675713239e-32,1.900914675713239e-32
225488667982225.0,225.488667982225,0.0026932845354369263,2.1936636627158552e-32,2.1936636627158552e-32
225522083797211.0,225.522083797211,0.0026540217577439387,2.3030208044573575e-32,2.3030208044573575e-32
225555510824086.0,225.555510824086,0.0034518079853355747,2.3182274718986837e-32,2.3182274718986837e-32
225588949067991.0,225.588949067991,0.002726281976264017,2.3334392422061883e-32,2.3334392422061883e-32
225622398534067.0,225.622398534067,0.0012679203984440129,2.3486561177186218e-32,2.348656117718622e-32
225655859227459.0,225.655859227459,0.0014903398571835666,2.3638781007765548e-32,2.363878100776555e-32
225689331153316.0,225.689331153316,0.0011672573194651769,2.2486507613794973e-32,2.2486507613794973e-32
225722814316788.0,225.722814316788,0.0016691108024240004,2.071157352924103e-32,2.071157352924103e-32
225756308723032.0,225.756308723032,0.0015379564173644287,1.893604346816759e-32,1.893604346816759e-32
225789814377203.0,225.789814377203,0.00043776326371188027,1.7159917157309407e-32,1.7159917157309407e-32
225823331284464.0,225.823331284464,0.0003026408319705745,1.5383194322977142e-32,1.5383194322977137e-32
225856859449978.0,225.856859449978,0.001664307377493473,1.4391667076891248e-32,1.4391667076891245e-32
225890398878911.0,225.890398878911,0.0015444305987925325,1.3733995944119475e-32,1.3733995944119475e-32
225923949576436.0,225.923949576436,0.0009473439954719846,1.307610384671291e-32,1.3076103846712907e-32
225957511547724.0,225.957511547724,0.0015014086189799971,1.2417990683273956e-32,1.2417990683273953e-32
225991084797953.0,225.991084797953,0.0018996751990892277,1.1759656352267754e-32,1.1759656352267754e-32
226024669332302.0,226.024669332302,0.0016542828385080284,5.479808940761232e-32,5.479808940761232e-32
226058265155954.0,226.058265155954,-0.0005797274433107527,1.1364786788335636e-31,1.1364786788335636e-31
226091872274095.0,226.091872274095,0.0010152184781859308,1.725174309068029e-31,1.725174309068029e-31
226125490691914.0,226.125490691914,0.001094579411820703,2.314067875675192e-31,2.3140678756751917e-31
226159120414604.0,226.159120414604,0.0007433028582057441,2.903159469620794e-31,2.903159469620794e-31
226192761447361.0,226.192761447361,8.230981885298837e-05,1.0095832219581139e-29,1.0095832219581142e-29
226226413795382.0,226.226413795382,0.002361848215230662,2.2724173818644937e-29,2.272417381864494e-29
226260077463870.0,226.26007746387,0.0015135216035874071,3.535676352319747e-29,3.535676352319748e-29
226293752458030.0,226.29375245803,0.0006904651839699649,4.7993603286461087e-29,4.799360328646109e-29
226327438783071.0,226.327438783071,-0.0010419004594521915,6.063469506315917e-29,6.063469506315918e-29
226361136444202.0,226.361136444202,0.0012679203984440129,2.2499283539121102e-27,2.2499283539121102e-27
226394845446640.0,226.39484544664,0.0007169884433689519,4.901586368102058e-27,4.901586368102058e-27
226428565795601.0,226.428565795601,0.0009880686851003536,7.55413693610464e-27,7.55413693610464e-27
226462297496308.0,226.462297496308,0.0006403424890427416,1.0207580468777753e-26,1.0207580468777753e-26
226496040553983.0,226.496040553983,0.0009602923583281797,1.2861917376900627e-26,1.2861917376900627e-26
226529794973855.0,226.529794973855,0.0021565540105912477,4.0759825081608236e-25,4.0759825081608236e-25
226563560761153.0,226.563560761153,0.002319452769104723,8.545886185978437e-25,8.545886185978437e-25
226597337921112.0,226.597337921112,0.0026456679752560643,1.3017295372871903e-24,1.3017295372871903e-24
226631126458969.0,226.631126458969,0.004475981718348507,1.7490210762113536e-24,1.7490210762113536e-24
226664926379962.0,226.664926379962,0.002128568839256879,2.1964633047108036e-24,2.1964633047108036e-24
226698737689337.0,226.698737689337,0.0038521630110667712,5.896798442113821e-23,5.896798442113821e-23
226732560392340.0,226.73256039234,0.00334446188036644,1.1881600108728652e-22,1.1881600108728652e-22
226766394494219.0,226.766394494219,0.0029762689172135436,1.7868418764112132e-22,1.7868418764112132e-22
226800240000229.0,226.800240000229,0.0036946942111704133,2.385725533811699e-22,2.385725533811699e-22
226834096915625.0,226.834096915625,0.005155561923736772,4.404800381175481e-22,4.404800381175481e-22
226867965245666.0,226.867965245666,0.004248758834678426,6.798704514513106e-21,6.798704514513106e-21
226901844995616.0,226.901844995616,0.005199210437235898,1.3159072891857845e-20,1.3159072891857845e-20
226935736170740.0,226.93573617074,0.005014382999691762,1.9521586158569314e-20,1.9521586158569314e-20
226969638776307.0,226.969638776307,0.006055473142242632,2.5886245303816e-20,2.5886245303816e-20
227003552817589.0,227.003552817589,0.005985510213906715,8.774858709832415e-20,8.774858709832415e-20
227037478299862.0,227.037478299862,0.006977521884341303,6.24038598033391e-19,6.24038598033391e-19
227071415228405.0,227.071415228405,0.006151332796290947,1.160509550250709e-18,1.160509550250709e-18
227105363608500.0,227.1053636085,0.005743459366320667,1.6971615272475093e-18,1.6971615272475093e-18
227139323445431.0,227.139323445431,0.005363362263122555,2.2339946125526392e-18,2.2339946125526392e-18
227173294744487.0,227.173294744487,0.006982742998396263,9.667332786817007e-18,9.667332786817006e-18
227207277510960.0,227.20727751096,0.007136243751610885,4.5562617567741425e-17,4.556261756774142e-17
227241271750145.0,227.241271750145,0.006060067722610959,8.147002073416507e-17,8.147002073416505e-17
227275277467339.0,227.275277467339,0.00722813535897742,1.1738954788119813e-16,1.173895478811981e-16
227309294667845.0,227.309294667845,0.00785299828907018,1.5332120461028846e-16,1.5332120461028844e-16
227343323356967.0,227.343323356967,0.0068937752149004425,7.381462307544158e-16,7.381462307544159e-16
227377363540013.0,227.377363540013,0.008533622717269412,2.644369792390851e-15,2.6443697923908517e-15
227411415222294.0,227.411415222294,0.007559153990059332,4.5512373021714e-15,4.551237302171401e-15
227445478409124.0,227.445478409124,0.008266928211344123,6.458749057675899e-15,6.4587490576758995e-15
227479553105821.0,227.479553105821,0.008914972887840723,8.366905356708175e-15,8.366905356708178e-15
227513639317706.0,227.513639317706,0.008971987453320441,4.163224677158709e-14,4.163224677158709e-14
227547737050104.0,227.547737050104,0.008707799082141513,1.2193175241739103e-13,1.21931752417391e-13
227581846308341.0,227.581846308341,0.008299925652171233,2.022584011929213e-13,2.0225840119292127e-13
227615967097749.0,227.615967097749,0.010239047412168186,2.826122056549356e-13,2.826122056549356e-13
227650099423661.0,227.650099423661,0.009840780832058936,3.6299317836254666e-13,3.629931783625466e-13
227684243291415.0,227.684243291415,0.010484022083624988,1.7824158331627924e-12,1.7824158331627924e-12
227718398706351.0,227.718398706351,0.009742206198702084,4.46486361040612e-12,4.464863610406121e-12
227752565673814.0,227.752565673814,0.008205319065496099,7.148218683035283e-12,7.1482186830352834e-12
227786744199149.0,227.786744199149,0.00852150973266202,9.832481470828032e-12,9.832481470828034e-12
227820934287709.0,227.820934287709,0.009992610828775964,1.2517652394190418e-11,1.2517652394190421e-11
227855135944846.0,227.855135944846,0.008822454746787537,5.875874320034151e-11,5.875874320034151e-11
227889349175917.0,227.889349175917,0.00808001232817804,1.2979340050057398e-10,1.2979340050057395e-10
227923573986284.0,227.923573986284,0.007063356999404174,2.008520991233413e-10,2.0085209912334125e-10
227957810381308.0,227.957810381308,0.00802404198550933,2.719348501993314e-10,2.7193485019933135e-10
227992058366358.0,227.992058366358,0.006700802839430633,3.430416648758421e-10,3.4304166487584206e-10
228026317946803.0,228.026317946803,0.007336734531319778,1.5041128786881779e-09,1.5041128786881777e-09
228060589128017.0,228.060589128017,0.006548763998151368,2.9945861142360084e-09,2.9945861142360084e-09
228094871915376.0,228.094871915376,0.006749254777860261,4.485564107655545e-09,4.485564107655545e-09
228129166314262.0,228.129166314262,0.0052626991841437125,5.9770470930130375e-09,5.9770470930130375e-09
228163472330056.0,228.163472330056,0.005122982172034077,7.469035304331249e-09,7.469035304331249e-09
228197789968147.0,228.197789968147,0.005868139569952135,3.005946367130174e-08,3.005946367130174e-08
228232119233923.0,228.232119233923,0.005486371710256447,5.482366418472964e-08,5.482366418472964e-08
228266460132779.0,228.266460132779,0.005070979876047084,7.959625648630673e-08,7.959625648630673e-08
228300812670110.0,228.30081267011,0.00630796621793852,1.0437724446783953e-07,1.0437724446783953e-07
228335176851318.0,228.335176851318,0.005354173102385895,1.4528950045692519e-07,1.4528950045692519e-07
228369552681805.0,228.369552681805,0.0055845286544889275,4.707282496107257e-07,4.707282496107257e-07
228403940166978.0,228.403940166978,0.006429931442261387,7.962773346132864e-07,7.962773346132864e-07
228438339312247.0,228.438339312247,0.004985353605546414,1.1219368066815122e-06,1.1219368066815122e-06
228472750123025.0,228.472750123025,0.006529341453867068,1.4477067170607084e-06,1.4477067170607084e-06
228507172604729.0,228.507172604729,0.005731555226275451,2.4100001602882093e-06,2.4100001602882097e-06
228541606762779.0,228.541606762779,0.003576070499842647,5.791275528362142e-06,5.791275528362142e-06
228576052602598.0,228.576052602598,0.006684304119017047,9.173697992227349e-06,9.17369799222735e-06
228610510129614.0,228.610510129614,0.006079072577770862,1.2557268084888373e-05,1.2557268084888377e-05
228644979349255.0,228.644979349255,0.006407376229544138,1.594198633934976e-05,1.5941986339349763e-05
228679460266956.0,228.679460266956,0.0072884914374523255,2.835496973016895e-05,2.8354969730168954e-05
228713952888153.0,228.713952888153,0.008763560580248048,5.607985035441747e-05,5.607985035441746e-05
228748457218285.0,228.748457218285,0.00864222188961171,8.381414252275416e-05,8.381414252275414e-05
228782973262798.0,228.782973262798,0.010320079102300508,0.0001115578506126283,0.00011155785061262827
228817501027137.0,228.817501027137,0.009777918618837731,0.00013931097900068536,0.00013931097900068534
228852040516753.0,228.852040516753,0.013103350582696821,0.00024897477048081186,0.00024897477048081186
228886591737099.0,228.886591737099,0.013825117389648839,0.00042801419261804445,0.0004280141926180445
228921154693632.0,228.921154693632,0.016072284878885977,0.00060711442997736,0.00060711442997736
228955729391812.0,228.955729391812,0.016555133506684916,0.0007862755108516879,0.0007862755108516879
228990315837104.0,228.990315837104,0.019054585227055765,0.0009654974635598671,0.0009654974635598672
229024914034973.0,229.024914034973,0.024562234021308842,0.0016692571776409197,0.0016692571776409197
229059523990891.0,229.059523990891,0.027123921421214368,0.0025771911338955634,0.0025771911338955634
229094145710330.0,229.09414571033,0.029807991734567177,0.003485433686329478,0.003485433686329478
229128779198770.0,229.12877919877,0.0305988860916063,0.004393984978701242,0.004393984978701242
229163424461689.0,229.163424461689,0.03624729612077996,0.005302845154716967,0.005302845154716967
229198081504571.0,229.198081504571,0.039304780511340585,0.008650167413224016,0.008650167413224016
229232750332905.0,229.232750332905,0.04526102742519231,0.012250345965091823,0.012250345965091823
229267430952181.0,229.267430952181,0.05301041375006545,0.015851748945316015,0.015851748945316015
229302123367893.0,229.302123367893,0.060668326156696345,0.019454376924420078,0.019454376924420078
229336827585538.0,229.336827585538,0.06757982809803609,0.023811083326842612,0.023811083326842612
229371543610618.0,229.371543610618,0.08075436961509412,0.03489589188097156,0.034895891880971565
229406271448637.0,229.406271448637,0.09346611158232455,0.045984472300311885,0.04598447230031189
229441011105101.0,229.441011105101,0.11542361116256793,0.057076826342926504,0.057076826342926504
229475762585524.0,229.475762585524,0.14317550312096092,0.06817295576943269,0.0681729557694327
229510525895419.0,229.510525895419,0.18615801131123866,0.08385121828539344,0.08385121828539345
229545301040303.0,229.545301040303,0.2232884860242017,0.11008074209253821,0.11008074209253821
229580088025700.0,229.5800880257,0.27769625367857803,0.13631919673285875,0.13631919673285872
229614886857132.0,229.614886857132,0.33396900327337165,0.16256658637138244,0.1625665863713824
229649697540129.0,229.649697540129,0.41376788395506875,0.18882291517917077,0.18882291517917071
229684520080222.0,229.684520080222,0.47650437274985186,0.22557474449114434,0.22557474449114429
229719354482947.0,229.719354482947,0.5545930253117195,0.2723096427675083,0.2723096427675083
229754200753841.0,229.754200753841,0.6116804775436431,0.3190604637417672,0.3190604637417672
229789058898447.0,229.789058898447,0.6756080068766305,0.3658272148505792,0.3658272148505792
229823928922310.0,229.82392892231,0.7149273814459775,0.4126099035332854,0.4126099035332854
229858810830979.0,229.858810830979,0.7400666279312927,0.4690844669785841,0.4690844669785841
229893704630007.0,229.893704630007,0.7540748769406385,0.5291511375379839,0.5291511375379839
229928610324948.0,229.928610324948,0.8070871452304162,0.5892382858873373,0.5892382858873373
229963527921362.0,229.963527921362,0.8580800954483135,0.6493459215977053,0.6493459215977053
229998457424812.0,229.998457424812,0.8520992048761226,0.7094740542453136,0.7094740542453136
230033398840863.0,230.033398840863,0.9063248600722656,0.7591967522936856,0.7591967522936856
230068352175086.0,230.068352175086,0.8982795410027598,0.8084547083804502,0.8084547083804501
230103317433053.0,230.103317433053,0.9001136139479695,0.8577294679931559,0.8577294679931557
230138294620340.0,230.13829462034,0.8749994288101243,0.9070210389897757,0.9070210389897757
230173283742528.0,230.173283742528,0.9596622993453838,0.9491083794399009,0.9491083794399008
230208284805200.0,230.2082848052,0.9697578454819732,0.9602378099554882,0.9602378099554882
230243297813943.0,230.243297813943,0.943830837308054,0.9713710390119479,0.9713710390119478
230278322774346.0,230.278322774346,0.9189712336915243,0.9825080683864367,0.9825080683864366
230313359692005.0,230.313359692005,0.960335614213902,0.9936488998583376,0.9936488998583376
230348408572515.0,230.348408572515,0.987476635827873,0.9853920944688962,0.9853920944688962
230383469421478.0,230.383469421478,1.0,0.9514181345387166,0.9514181345387166
230418542244498.0,230.418542244498,0.9328385126213935,0.9174325717482312,0.9174325717482312
230453627047183.0,230.453627047183,0.9318356410337225,0.8834354006632885,0.8834354006632885
230488723835143.0,230.488723835143,0.8962251370444302,0.849426615847799,0.849426615847799
230523832613994.0,230.523832613994,0.9083003207860849,0.7984314355255029,0.7984314355255029
230558953389354.0,230.558953389354,0.974738788290366,0.7393846389924734,0.7393846389924734
230594086166844.0,230.594086166844,0.88493395578926,0.6803176638807875,0.6803176638807876
230629230952089.0,230.629230952089,0.8673047597605426,0.6212305007334153,0.6212305007334153
230664387750719.0,230.664387750719,0.8313256451189749,0.5621231400849203,0.5621231400849203
230699556568364.0,230.699556568364,0.8155837773988274,0.5063677122011634,0.5063677122011634
230734737410662.0,230.734737410662,0.8071009289715213,0.4508269537086002,0.45082695370860026
230769930283251.0,230.769930283251,0.7200547242924722,0.3952672027348063,0.39526720273480637
230805135191774.0,230.805135191774,0.6465961556745069,0.3396884503710553,0.3396884503710553
230840352141877.0,230.840352141877,0.5881522580111178,0.2879595599254652,0.2879595599254652
230875581139209.0,230.875581139209,0.567582948235796,0.2517615283418135,0.2517615283418135
230910822189425.0,230.910822189425,0.5090941489915325,0.2155511123388269,0.2155511123388269
230946075298180.0,230.94607529818,0.41068742666266633,0.17932830610595496,0.17932830610595496
230981340471136.0,230.981340471136,0.32629584521370036,0.1430931038254546,0.1430931038254546
231016617713955.0,231.016617713955,0.28137609486448484,0.11568364492045577,0.11568364492045578
231051907032306.0,231.051907032306,0.23200565805029444,0.0981922870167083,0.09819228701670832
231087208431859.0,231.087208431859,0.1875050587374078,0.08069494099423358,0.0806949409942336
231122521918288.0,231.122521918288,0.14979002809485661,0.0631916040406802,0.06319160404068021
231157847497272.0,231.157847497272,0.12023037760608864,0.045682273341218424,0.04568227334121844
231193185174492.0,231.193185174492,0.09601359755200069,0.036477943845688164,0.036477943845688164
231228534955633.0,231.228534955633,0.07475489187686811,0.03003536849826311,0.03003536849826311
231263896846384.0,231.263896846384,0.06970189769451741,0.02359058614778642,0.02359058614778642
231299270852436.0,231.299270852436,0.0578455830540449,0.01714359575706082,0.01714359575706082
231334656979486.0,231.334656979486,0.037035893187634956,0.01086704002339902,0.01086704002339902
231370055233233.0,231.370055233233,0.02889847366620025,0.009032640108710938,0.009032640108710938
231405465619380.0,231.40546561938,0.024343156075564417,0.007197611471665984,0.007197611471665984
231440888143632.0,231.440888143632,0.020998719256545437,0.005361953816620999,0.005361953816620999
231476322811701.0,231.476322811701,0.01770085477489638,0.003525666847570076,0.003525666847570076
231511769629299.0,231.511769629299,0.015381009378014709,0.0021634404189369858,0.0021634404189369853
231547228602144.0,231.547228602144,0.014326762028045425,0.0017560175872295613,0.0017560175872295611
231582699735955.0,231.582699735955,0.01328024192687746,0.0013484550262856001,0.0013484550262856
231618183036459.0,231.618183036459,0.01495308687007354,0.0009407526703019955,0.0009407526703019953
231653678509381.0,231.653678509381,0.013006864394961919,0.0005329104534986214,0.0005329104534986214
231689186160454.0,231.689186160454,0.014152585663173322,0.0003387065428909892,0.00033870654289098925
231724705995413.0,231.724705995413,0.014672817467605504,0.0002677752711197735,0.0002677752711197735
231760238019996.0,231.760238019996,0.016709469638148303,0.0001968196573004111,0.00019681965730041114
231795782239945.0,231.795782239945,0.01696781036158574,0.00012583968996642534,0.00012583968996642534
231831338661007.0,231.831338661007,0.018333653798352577,5.483535764135467e-05,5.4835357641354614e-05
231866907288930.0,231.86690728893,0.01827162696338014,4.1686368168863174e-05,4.1686368168863174e-05
231902488129467.0,231.902488129467,0.01635923730734433,3.1972754098499314e-05,3.1972754098499314e-05
231938081188375.0,231.938081188375,0.017360020449391264,2.2255804397535638e-05,2.2255804397535638e-05
231973686471415.0,231.973686471415,0.01723826406963051,1.2535517493211919e-05,1.2535517493211919e-05
232009303984349.0,232.009303984349,0.01774868017963942,5.078095551418972e-06,5.078095551418972e-06
232044933732945.0,232.044933732945,0.02123930819219611,4.029591034081966e-06,4.029591034081966e-06
232080575722975.0,232.080575722975,0.019511745973704503,2.9807262784790885e-06,2.9807262784790885e-06
232116229960212.0,232.116229960212,0.019576905477109892,1.931501114723746e-06,1.931501114723746e-06
232151896450435.0,232.151896450435,0.018648800242707493,8.819153727527796e-07,8.819153727527796e-07
232187575199426.0,232.187575199426,0.019485222714305535,3.9487470248831995e-07,3.9487470248832e-07
232223266212971.0,232.223266212971,0.018952669080703786,3.0545151951888135e-07,3.054515195188814e-07
232258969496857.0,232.258969496857,0.018042524478650266,2.1599759343403763e-07,2.1599759343403766e-07
232294685056879.0,232.294685056879,0.016766275359065844,1.2651290971452206e-07,1.2651290971452206e-07
232330412898832.0,232.330412898832,0.015437188565245659,3.699745384106782e-08,3.699745384106782e-08
232366153028517.0,232.366153028517,0.01635652232803579,2.4143733552978374e-08,2.4143733552978374e-08
232401905451736.0,232.401905451736,0.016163549952565984,1.8112362712862803e-08,1.8112362712862803e-08
232437670174298.0,232.437670174298,0.014444759205686638,1.2078916995241215e-08,1.2078916995241215e-08
232473447202013.0,232.473447202013,0.013966296313693831,6.043395419976839e-09,6.043395419976839e-09
232509236540696.0,232.509236540696,0.014346602261454138,1.4809369716284814e-09,1.4809369716284814e-09
232545038196164.0,232.545038196164,0.011127054490628804,1.1590348439073021e-09,1.1590348439073021e-09
232580852174241.0,232.580852174241,0.01354818950017593,8.370219203582674e-10,8.370219203582674e-10
232616678480750.0,232.61667848075,0.012376989195376435,5.148981486252481e-10,5.148981486252481e-10
232652517121522.0,232.652517121522,0.012601288255175763,1.9266347628018536e-10,1.9266347628018536e-10
232688368102390.0,232.68836810239,0.010059441088678948,5.720329327858508e-11,5.7203293278585093e-11
232724231429188.0,232.724231429188,0.011047484712431837,4.358953350464549e-11,4.35895335046455e-11
232760107107759.0,232.760107107759,0.011327962959462113,2.997108498358126e-11,2.997108498358126e-11
232795995143946.0,232.795995143946,0.01047483292288831,1.6347945497382917e-11,1.6347945497382917e-11
232831895543596.0,232.831895543596,0.008659555988274061,2.720112826522595e-12,2.720112826522595e-12
232867808312560.0,232.86780831256,0.009145328439943711,1.7364331919809813e-12,1.7364331919809809e-12
232903733456694.0,232.903733456694,0.007894349512385138,1.2801205589284976e-12,1.2801205589284974e-12
232939670981855.0,232.939670981855,0.010041271611767828,8.236506650169012e-13,8.23650665016901e-13
232975620893907.0,232.975620893907,0.007656475556043004,3.670234357630592e-13,3.67023435763059e-13
233011583198714.0,233.011583198714,0.007452852107901158,5.3462476047434474e-14,5.3462476047434474e-14
233047557902147.0,233.047557902147,0.00650866584220959,4.133957295534133e-14,4.133957295534133e-14
233083545010079.0,233.083545010079,0.006468358841705635,2.9212489744305356e-14,2.9212489744305356e-14
233119544528386.0,233.119544528386,0.005859994632026462,1.708122443420797e-14,1.708122443420797e-14
233155556462950.0,233.15555646295,0.0054673668550965435,4.945775042908704e-15,4.945775042908704e-15
233191580819655.0,233.191580819655,0.004707172648700324,1.025148725300499e-15,1.025148725300499e-15
233227617604389.0,233.227617604389,0.005178117136454023,7.696147419199864e-16,7.696147419199864e-16
233263666823043.0,233.263666823043,0.004089828122846687,5.139925905985744e-16,5.139925905985744e-16
233299728481514.0,233.299728481514,0.0030894626699241915,2.5828222952110337e-16,2.5828222952110337e-16
233335802585701.0,233.335802585701,0.003143344566970957,1.97005969763348e-17,1.97005969763348e-17
233371889141506.0,233.371889141506,0.0024219954491433303,1.542893279985284e-17,1.542893279985284e-17
233407988154836.0,233.407988154836,0.0024182362470237884,1.1155793992110487e-17,1.1155793992110487e-17
233444099631601.0,233.444099631601,0.0028964902944543817,6.881179853524893e-18,6.881179853524893e-18
233480223577716.0,233.480223577716,0.0017497248034319473,2.6050896839213514e-18,2.6050896839213514e-18
233516359999099.0,233.516359999099,0.0034954564988347,2.384483718777818e-19,2.3844837187778184e-19
233552508901670.0,233.55250890167,0.0003383532521062211,1.8176754991937894e-19,1.81767549919379e-19
233588670291356.0,233.588670291356,0.0009872333068515623,1.2506714839170154e-19,1.2506714839170154e-19
233624844174085.0,233.624844174085,0.0007328606300959038,6.834715799975331e-20,6.834715799975331e-20
233661030555791.0,233.661030555791,0.0015680300343207626,1.1607569439130179e-20,1.1607569439130179e-20
233697229442408.0,233.697229442408,0.001093744033571912,2.2664820628259253e-21,2.2664820628259257e-21
233733440839879.0,233.733440839879,-6.847595505307474e-05,1.6696076347712658e-21,1.669607634771266e-21
233769664754147.0,233.769664754147,0.0019424883343395624,1.07252689167294e-21,1.07252689167294e-21
233805901191160.0,233.80590119116,-2.942202192227947e-05,4.75239735489741e-22,4.75239735489741e-22
233842150156868.0,233.842150156868,0.0004260679682288619,2.186166989172985e-23,2.186166989172985e-23
233878411657229.0,233.878411657229,-0.0007014838230714621,1.6874626776666447e-23,1.6874626776666447e-23
233914685698200.0,233.9146856982,0.0009897394415979235,1.1885858951865814e-23,1.1885858951865814e-23
233950972285744.0,233.950972285744,2.3223515316275964e-06,6.89536559723673e-24,6.89536559723673e-24
233987271425828.0,233.987271425828,-0.001419909117028332,1.903145892137857e-24,1.903145892137857e-24
234023583124422.0,234.023583124422,8.377173078836551e-05,1.311077401528728e-25,1.3110774015287279e-25
234059907387501.0,234.059907387501,0.0008042854703671971,9.802639234177802e-26,9.802639234177801e-26
234096244221042.0,234.096244221042,-2.3992063305164025e-05,6.493359631975425e-26,6.493359631975425e-26
234132593631027.0,234.132593631027,0.0003811663873565575,3.1829346638855543e-26,3.1829346638855543e-26
234168955623442.0,234.168955623442,0.0003498397030270429,7.8732312792248765e-28,7.873231279224877e-28
234205330204275.0,234.205330204275,0.0008458455382443574,6.137800195733841e-28,6.137800195733842e-28
234241717379520.0,234.24171737952,0.0014042958975585018,4.4017682329044725e-28,4.4017682329044725e-28
234278117155173.0,234.278117155173,0.0005194214875308154,2.665135104667638e-28,2.665135104667638e-28
234314529537235.0,234.314529537235,-0.00014219808550853196,9.279005247156555e-29,9.279005247156555e-29
234350954531711.0,234.350954531711,0.0003820017656053443,2.7521446990859735e-30,2.7521446990859735e-30
234387392144609.0,234.387392144609,0.00019007361294651854,2.080090297803359e-30,2.080090297803359e-30
234423842381940.0,234.42384238194,0.00015394350368647816,1.407803051801056e-30,1.407803051801056e-30
234460305249721.0,234.460305249721,0.000555133907666462,7.352828501016706e-31,7.352828501016706e-31
234496780753971.0,234.496780753971,0.0015753395939976514,6.252958169092007e-32,6.252958169092007e-32
234533268900714.0,234.533268900714,0.0015331529924339073,5.117795990715209e-33,5.117795990715209e-33
234569769695976.0,234.569769695976,0.001810916260155601,7.272486130607114e-33,7.272486130607114e-33
234606283145789.0,234.606283145789,0.0008157719212880233,9.427923285353595e-33,9.427923285353592e-33
234642809256189.0,234.642809256189,0.0003059823449657225,1.1584107811267696e-32,1.1584107811267696e-32
234679348033212.0,234.679348033212,0.0019416529560907774,1.358581171692445e-32,1.3585811716924447e-32
234715899482903.0,234.715899482903,-0.0010233132934166773,1.5296078035426994e-32,1.529607803542699e-32
234752463611307.0,234.752463611307,0.0012693823103793946,1.7006937599231412e-32,1.700693759923141e-32
234789040424475.0,234.789040424475,0.0005743476073885638,1.8718390691467966e-32,1.8718390691467963e-32
234825629928461.0,234.825629928461,0.0011340510340758915,2.0430437595407286e-32,2.0430437595407284e-32
234862232129322.0,234.862232129322,0.00023956977418715156,2.1506922170783247e-32,2.1506922170783244e-32
234898847033120.0,234.89884703312,0.00033751787385743424,2.2414144511903338e-32,2.2414144511903338e-32
234935474645921.0,234.935474645921,0.0005449005241188208,2.3321681749152027e-32,2.3321681749152027e-32
234972114973795.0,234.972114973795,0.0020987040668627396,2.422953403292817e-32,2.422953403292817e-32
235008768022814.0,235.008768022814,-0.00020652221066513543,2.434597660482501e-32,2.4345976604825007e-32
235045433799055.0,235.045433799055,0.0017169362071670575,2.1943655024044818e-32,2.1943655024044816e-32
235082112308601.0,235.082112308601,0.0005187949538442251,1.9540499164093906e-32,1.9540499164093904e-32
235118803557534.0,235.118803557534,0.0005352936742577692,1.7136508626482965e-32,1.7136508626482963e-32
235155507551945.0,235.155507551945,0.0014381287166343776,1.473168301213301e-32,1.473168301213301e-32
235192224297926.0,235.192224297926,0.0004941512955050071,1.2028194274981546e-32,1.2028194274981544e-32
235228953801573.0,235.228953801573,-0.00015786142767328925,9.193681834801e-33,9.193681834800999e-33
235265696068986.0,235.265696068986,0.0019391468213444162,6.358184381213841e-33,6.35818438121384e-33
235302451106270.0,235.30245110627,-4.905341076877569e-05,3.521701443081154e-33,3.5217014430811525e-33
235339218919533.0,235.339218919533,0.0010033143381407152,1.770847463014152e-33,1.7708474630141515e-33
235375999514887.0,235.375999514887,0.0002036485094893084,5.7229381620783864e-33,5.722938162078386e-33
235412792898447.0,235.412792898447,0.0011062747073037175,9.676402959345869e-33,9.676402959345869e-33
235449599076333.0,235.449599076333,-5.072416726634938e-05,1.3631242512413215e-32,1.3631242512413215e-32
235486418054669.0,235.486418054669,-0.0003113621808879107,1.7587457479306845e-32,1.7587457479306845e-32
235523249839583.0,235.523249839583,0.0005167065082222569,2.4846521804709465e-32,2.4846521804709465e-32
235560094437206.0,235.560094437206,0.0019299576606077566,3.403741621849816e-32,3.403741621849816e-32
235596951853672.0,235.596951853672,-0.0002560183719057685,4.3231508295991187e-32,4.3231508295991187e-32
235633822095122.0,235.633822095122,-0.0006897885275884412,5.24287995690626e-32,5.24287995690626e-32
235670705167699.0,235.670705167699,0.00014642509944739468,6.079979787711051e-32,6.079979787711051e-32
235707601077549.0,235.707601077549,0.0005933524625484698,6.242520385334252e-32,6.242520385334252e-32
235744509830823.0,235.744509830823,0.0013096893108833678,6.405117563153497e-32,6.405117563153497e-32
235781431433677.0,235.781431433677,0.00023142483626147778,6.56777134828832e-32,6.56777134828832e-32
235818365892268.0,235.818365892268,0.00033459404998667936,6.73048176786266e-32,6.73048176786266e-32
235855313212761.0,235.855313212761,0.0006599738778892354,6.196373417534951e-32,6.196373417534951e-32
235892273401321.0,235.892273401321,0.00035526966164415897,5.187368764987133e-32,5.187368764987133e-32
235929246464119.0,235.929246464119,0.0004674191915438212,4.1780126487010025e-32,4.1780126487010025e-32
235966232407330.0,235.96623240733,0.000501252010619697,3.16830490010048e-32,3.16830490010048e-32
236003231237131.0,236.003231237131,0.00023581057206760982,2.2059912060724515e-32,2.2059912060724513e-32
236040242959706.0,236.040242959706,-0.00024870881222888153,1.742477461986246e-32,1.7424774619862458e-32
236077267581240.0,236.07726758124,-0.0006810170559761772,1.2788021786804383e-32,1.2788021786804383e-32
236114305107924.0,236.114305107924,0.0005187949538442251,8.149652786224685e-33,8.149652786224685e-33
236151355545952.0,236.151355545952,0.0009630073376367419,3.509666842422068e-33,3.509666842422068e-33
236188418901523.0,236.188418901523,-0.0003986592078861584,7.578399476248975e-33,7.578399476248975e-33
236225495180837.0,236.225495180837,0.0003452451226587143,1.778178340970263e-32,1.778178340970263e-32
236262584390102.0,236.262584390102,-0.0006651448692492252,2.7988725662834925e-32,2.7988725662834925e-32
236299686535527.0,236.299686535527,-8.351276353124174e-05,3.819922794436129e-32,3.819922794436129e-32
236336801623327.0,236.336801623327,-0.00011337753592537855,4.8101959967630045e-32,4.8101959967630045e-32
236373929659719.0,236.373929659719,0.0006802318004223194,5.498677905698823e-32,5.498677905698822e-32
236411070650925.0,236.411070650925,0.00011593379336666756,6.18740004158816e-32,6.18740004158816e-32
236448224603172.0,236.448224603172,1.2764579641465998e-05,6.876362519901084e-32,6.876362519901083e-32
236485391522688.0,236.485391522688,-0.000907822250521869,7.565565456126206e-32,7.565565456126205e-32
236522571415709.0,236.522571415709,0.000988486374224743,7.223267738929609e-32,7.223267738929608e-32
236559764288471.0,236.559764288471,0.0002487589349238094,6.212862727878294e-32,6.212862727878293e-32
236596970147216.0,236.596970147216,0.0008159807658502181,5.2021049314323e-32,5.202104931432299e-32
236634188998191.0,236.634188998191,-0.000169974412280702,4.1909941798816877e-32,4.1909941798816877e-32
236671420847645.0,236.671420847645,0.00024019630787374186,3.220731316558256e-32,3.2207313165582565e-32
236708665701832.0,236.708665701832,-0.001910693838190725,2.531688090152582e-32,2.5316880901525823e-32
236745923567010.0,236.74592356701,-0.0010508807756266503,1.842404155723932e-32,1.8424041557239322e-32
236783194449440.0,236.78319444944,-0.0014946754702947714,1.1528793974415497e-32,1.1528793974415497e-32
236820478355389.0,236.820478355389,-0.0004174552184838672,4.63113699363676e-33,4.63113699363676e-33
236857775291126.0,236.857775291126,-5.552759219687516e-05,1.1228260299041742e-32,1.1228260299041742e-32
236895085262924.0,236.895085262924,0.0006123573177083751,2.492886920359603e-32,2.492886920359603e-32
236932408277063.0,236.932408277063,-3.610504791257612e-05,3.8634267391139017e-32,3.8634267391139017e-32
236969744339824.0,236.969744339824,0.0007896663510134257,5.234445716811908e-32,5.234445716811908e-32
237007093457492.0,237.007093457492,0.0010039408718273055,6.51578726335008e-32,6.51578726335008e-32
237044455636357.0,237.044455636357,1.1511512268285417e-05,7.412897345883509e-32,7.412897345883509e-32
237081830882714.0,237.081830882714,-0.0002618660196472777,8.310321194347692e-32,8.310321194347692e-32
237119219202860.0,237.11921920286,-0.0005394204428067768,9.208058959941045e-32,9.208058959941045e-32
237156620603098.0,237.156620603098,-0.0008184367779016518,1.0106110794006048e-31,1.0106110794006048e-31
237194035089733.0,237.194035089733,-0.00017227170246486594,9.205370016239195e-32,9.205370016239195e-32
237231462669076.0,237.231462669076,-0.00045567377336587495,7.643688961991156e-32,7.643688961991156e-32
237268903347440.0,237.26890334744,-0.0006684863822443713,6.081461345734995e-32,6.081461345734995e-32
237306357131144.0,237.306357131144,-0.0014671079880847985,4.5186869038078515e-32,4.5186869038078515e-32
237343824026510.0,237.34382402651,-0.0007288424607192402,3.234599574849847e-32,3.2345995748498463e-32
237381304039864.0,237.381304039864,-0.0006814347451005727,2.668348438695891e-32,2.668348438695891e-32
237418797177537.0,237.418797177537,-0.0011365070461273254,2.1018990192469215e-32,2.1018990192469215e-32
237456303445863.0,237.456303445863,0.000861926569533504,1.5352512208083432e-32,1.5352512208083435e-32
237493822851181.0,237.493822851181,0.0007069639043835072,9.684049476100206e-33,9.684049476100209e-33
237531355399832.0,237.531355399832,0.00015519657105965876,2.8028436605544934e-32,2.8028436605544934e-32
237568901098164.0,237.568901098164,-0.0017277460017063597,5.111193440868448e-32,5.111193440868448e-32
237606459952527.0,237.606459952527,0.0006954774534626873,7.420352068070802e-32,7.420352068070802e-32
237644031969277.0,237.644031969277,0.0018474640585400327,9.730319932935251e-32,9.730319932935251e-32
237681617154771.0,237.681617154771,-0.00027961780743400303,1.1549063433403615e-31,1.1549063433403615e-31
237719215515372.0,237.719215515372,0.00041771418574099156,1.2623255120055637e-31,1.2623255120055637e-31
237756827057449.0,237.756827057449,-0.0011208437039625682,1.3697823403764303e-31,1.3697823403764303e-31
237794451787371.0,237.794451787371,0.0012111146775264973,1.4772768466493051e-31,1.477276846649305e-31
237832089711514.0,237.832089711514,9.713778276895881e-05,1.5848090490405302e-31,1.5848090490405302e-31
237869740836258.0,237.869740836258,-0.0004830324110136506,1.3927822723569933e-31,1.392782272356993e-31
237907405167985.0,237.907405167985,-0.000683940879846934,1.1904508057913384e-31,1.1904508057913382e-31
237945082713083.0,237.945082713083,7.103221249436312e-05,9.88048357460971e-32,9.880483574609708e-32
237982773477944.0,237.982773477944,-0.0009610776138820375,7.855748930282914e-32,7.855748930282913e-32
238020477468963.0,238.020477468963,-0.001701222742307373,6.140848079562925e-32,6.140848079562924e-32
238058194692541.0,238.058194692541,-0.001281862861416273,4.686680192106556e-32,4.6866801921065556e-32
238095925155080.0,238.09592515508,-0.00050955567041264,3.23200188341227e-32,3.2320018834122693e-32
238133668862990.0,238.13366886299,0.00017023337953782575,1.7768129063458582e-32,1.7768129063458582e-32
238171425822681.0,238.171425822681,-0.001088890485946457,5.91591572022692e-33,5.915915720226919e-33
238209196040572.0,238.209196040572,-2.3365529618573732e-05,1.2819868067887798e-32,1.2819868067887798e-32
238246979523081.0,238.246979523081,0.00047681719684267555,1.9726245031971229e-32,1.9726245031971226e-32
238284776276634.0,238.284776276634,-0.0001981684281772651,2.663504778707456e-32,2.663504778707456e-32
238322586307659.0,238.322586307659,-0.0007480561604413384,3.3546277508160716e-32,3.3546277508160716e-32
238360409622589.0,238.360409622589,0.00017796062833910642,3.7436154804528474e-32,3.7436154804528474e-32
238398246227862.0,238.398246227862,-0.0011903889431740904,4.012678882454487e-32,4.0126788824544864e-32
238436096129917.0,238.436096129917,-0.0017711856706432846,4.28183684043901e-32,4.28183684043901e-32
238473959335201.0,238.473959335201,-0.0003980326741995681,4.5510894002522793e-32,4.55108940025228e-32
238511835850162.0,238.511835850162,-0.00016308254172820878,4.5113405109063225e-32,4.511340510906323e-32
238549725681255.0,238.549725681255,0.0004496674037570958,3.791280279651334e-32,3.7912802796513345e-32
238587628834937.0,238.587628834937,-0.000518118297462707,3.070966865253546e-32,3.070966865253546e-32
238625545317671.0,238.625545317671,-0.0007908692956916791,2.3504001448897862e-32,2.3504001448897868e-32
238663475135921.0,238.663475135921,-0.0006578353095723364,1.629579995717877e-32,1.6295799957178777e-32
238701418296158.0,238.701418296158,0.0007967670661281136,1.3659233707630273e-32,1.3659233707630273e-32
238739374804858.0,238.739374804858,-0.0007925400521892553,1.1441971795746037e-32,1.1441971795746037e-32
238777344668497.0,238.777344668497,-0.0011563472795360138,9.223929743680461e-33,9.223929743680463e-33
238815327893560.0,238.81532789356,0.00014851354506936274,7.005107172606727e-33,7.005107172606729e-33
238853324486533.0,238.853324486533,0.0010551077895655148,7.05111145969043e-33,7.051111459690431e-33
238891334453907.0,238.891334453907,-0.0005057964682930983,9.138416037307833e-33,9.138416037307835e-33
238929357802177.0,238.929357802177,-9.372943951390136e-06,1.1226455422329795e-32,1.1226455422329796e-32
238967394537844.0,238.967394537844,0.0004624069220510988,1.3315229971756543e-32,1.3315229971756543e-32
239005444667410.0,239.00544466741,-0.00019357384780893587,1.489235922810904e-32,1.489235922810904e-32
239043508197384.0,239.043508197384,-0.0015514811912122931,1.3400564019743235e-32,1.3400564019743235e-32
239081585134277.0,239.081585134277,0.00011656032705325784,1.1908243364117629e-32,1.1908243364117629e-32
239119675484607.0,239.119675484607,-0.0007612133678597344,1.0415397005777169e-32,1.0415397005777169e-32
239157779254893.0,239.157779254893,-0.0011461138959883745,8.922024689227604e-33,8.922024689227604e-33
239195896451661.0,239.195896451661,-0.0004187082858570477,7.074512512298447e-33,7.074512512298447e-33
239234027081439.0,239.234027081439,-0.00019420038149552617,5.118793969352916e-33,5.118793969352916e-33
239272171150761.0,239.272171150761,-0.00031282409282328846,3.162386112709642e-33,3.162386112709642e-33
239310328666163.0,239.310328666163,-0.0002664606000156069,1.2052886071374346e-33,1.2052886071374346e-33
239348499634188.0,239.348499634188,-0.0005417177329909415,7.25049096681085e-34,7.25049096681085e-34
239386684061382.0,239.386684061382,0.0008182780560343845,2.4866164092686814e-33,2.4866164092686814e-33
239424881954294.0,239.424881954294,-0.0010352174334618928,4.248804937634868e-33,4.248804937634868e-33
239463093319480.0,239.46309331948,-0.00037401554954693986,6.011614984228473e-33,6.011614984228473e-33
239501318163496.0,239.501318163496,-0.00011985171735347865,7.746588318420835e-33,7.746588318420835e-33
239539556492907.0,239.539556492907,-0.0005160298518407395,8.685094623831915e-33,8.685094623831915e-33
239577808314280.0,239.57780831428,-0.0008921589083571116,9.623932070576949e-33,9.623932070576949e-33
239616073634185.0,239.616073634185,0.0007092611945676737,1.0563100819907399e-32,1.0563100819907399e-32
239654352459198.0,239.654352459198,0.0004068542685067595,1.1502601033221983e-32,1.1502601033221983e-32
239692644795900.0,239.6926447959,-0.0004086837468716031,1.0375061686380417e-32,1.0375061686380417e-32
239730950650874.0,239.730950650874,0.0004553062069364091,8.266798678915453e-33,8.266798678915453e-33
239769270030709.0,239.769270030709,-0.0004318654932754439,6.157791295319302e-33,6.157791295319302e-33
239807602941996.0,239.807602941996,-0.0005776389976887847,4.048039172839023e-33,4.048039172839023e-33
239845949391335.0,239.845949391335,0.0010244076389225906,3.0138152283827864e-33,3.0138152283827868e-33
239884309385324.0,239.884309385324,0.0006445193802866728,4.1750556542985425e-33,4.1750556542985425e-33
239922682930571.0,239.922682930571,0.0007560423764997446,5.336706306259071e-33,5.3367063062590715e-33
239961070033684.0,239.961070033684,-0.0015414566522268483,6.4987673843029e-33,6.4987673843029e-33
239999470701277.0,239.999470701277,-0.0012415558609122934,7.661239088650192e-33,7.661239088650192e-33
240037884939970.0,240.03788493997,-0.0006488549933978776,1.3369151104640812e-32,1.3369151104640812e-32
240076312756384.0,240.076312756384,0.0007637696253010291,1.9142602660219012e-32,1.9142602660219012e-32
240114754157147.0,240.114754157147,-0.0012152414460755013,2.4918095148334744e-32,2.4918095148334744e-32
240153209148890.0,240.15320914889,-0.0006490638379600722,3.069562956523918e-32,3.069562956523918e-32
240191677738248.0,240.191677738248,-0.0004153667728618991,3.271750680465275e-32,3.271750680465275e-32
