wavelength_nm,v_g_over_c,enhancement,V_standard,V_enz
9.000000000000000000e+02,8.141567396209008489e-01,1.228264720213007255e+00,4.493289641172215632e-01,3.743321492220693103e-01
9.022044088176352261e+02,8.131405707554761886e-01,1.229799663139321320e+00,4.493289641172215632e-01,3.738727685414114932e-01
9.044088176352705659e+02,8.121206398347523558e-01,1.231344151287026456e+00,4.493289641172215632e-01,3.734111001688689147e-01
9.066132264529057920e+02,8.110969326667021306e-01,1.232898263728143595e+00,4.493289641172215632e-01,3.729471303839818619e-01
9.088176352705411318e+02,8.100694349348812606e-01,1.234462080501021131e+00,4.493289641172215632e-01,3.724808453362370431e-01
9.110220440881763579e+02,8.090381321969701833e-01,1.236035682625325149e+00,4.493289641172215632e-01,3.720122310435164392e-01
9.132264529058115841e+02,8.080030098832962082e-01,1.237619152117310550e+00,4.493289641172215632e-01,3.715412733905239517e-01
9.154308617234469239e+02,8.069640532953307188e-01,1.239212572005388369e+00,4.493289641172215632e-01,3.710679581271886240e-01
9.176352705410821500e+02,8.059212476041640594e-01,1.240816026345987977e+00,4.493289641172215632e-01,3.705922708670442156e-01
9.198396793587173761e+02,8.048745778489557745e-01,1.242429600239730592e+00,4.493289641172215632e-01,3.701141970855834629e-01
9.220440881763527159e+02,8.038240289353613122e-01,1.244053379847909424e+00,4.493289641172215632e-01,3.696337221185902466e-01
9.242484969939879420e+02,8.027695856339339686e-01,1.245687452409294238e+00,4.493289641172215632e-01,3.691508311604435599e-01
9.264529058116232818e+02,8.017112325785007432e-01,1.247331906257261425e+00,4.493289641172215632e-01,3.686655092623988828e-01
9.286573146292585079e+02,8.006489542645136570e-01,1.248986830837258477e+00,4.493289641172215632e-01,3.681777413308414126e-01
9.308617234468937340e+02,7.995827350473740935e-01,1.250652316724611968e+00,4.493289641172215632e-01,3.676875121255149259e-01
9.330661322645290738e+02,7.985125591407303824e-01,1.252328455642686134e+00,4.493289641172215632e-01,3.671948062577218286e-01
9.352705410821643000e+02,7.974384106147492934e-01,1.254015340481398288e+00,4.493289641172215632e-01,3.666996081884972836e-01
9.374749498997996398e+02,7.963602733943575540e-01,1.255713065316104826e+00,4.493289641172215632e-01,3.662019022267548052e-01
9.396793587174348659e+02,7.952781312574576100e-01,1.257421725426858483e+00,4.493289641172215632e-01,3.657016725274042090e-01
9.418837675350700920e+02,7.941919678331124111e-01,1.259141417318054623e+00,4.493289641172215632e-01,3.651989030894398081e-01
9.440881763527054318e+02,7.931017665997019961e-01,1.260872238738467876e+00,4.493289641172215632e-01,3.646935777540002421e-01
9.462925851703406579e+02,7.920075108830502142e-01,1.262614288701692011e+00,4.493289641172215632e-01,3.641856802023977213e-01
9.484969939879759977e+02,7.909091838545186937e-01,1.264367667506996362e+00,4.493289641172215632e-01,3.636751939541168488e-01
9.507014028056112238e+02,7.898067685290727225e-01,1.266132476760599035e+00,4.493289641172215632e-01,3.631621023647833568e-01
9.529058116232464499e+02,7.887002477633130448e-01,1.267908819397375764e+00,4.493289641172215632e-01,3.626463886241003132e-01
9.551102204408817897e+02,7.875896042534753505e-01,1.269696799703012857e+00,4.493289641172215632e-01,3.621280357537525751e-01
9.573146292585170158e+02,7.864748205333975672e-01,1.271496523336610895e+00,4.493289641172215632e-01,3.616070266052789361e-01
9.595190380761523556e+02,7.853558789724524036e-01,1.273308097353756052e+00,4.493289641172215632e-01,3.610833438579099663e-01
9.617234468937875818e+02,7.842327617734459189e-01,1.275131630230064594e+00,4.493289641172215632e-01,3.605569700163734348e-01
9.639278557114228079e+02,7.831054509704800104e-01,1.276967231885218990e+00,4.493289641172215632e-01,3.600278874086638159e-01
9.661322645290581477e+02,7.819739284267799295e-01,1.278815013707499837e+00,4.493289641172215632e-01,3.594960781837772679e-01
9.683366733466933738e+02,7.808381758324847155e-01,1.280675088578830723e+00,4.493289641172215632e-01,3.589615243094110286e-01
9.705410821643285999e+02,7.796981747023995490e-01,1.282547570900350875e+00,4.493289641172215632e-01,3.584242075696258967e-01
9.727454909819639397e+02,7.785539063737102472e-01,1.284432576618521837e+00,4.493289641172215632e-01,3.578841095624709645e-01
9.749498997995991658e+02,7.774053520036597886e-01,1.286330223251784810e+00,4.493289641172215632e-01,3.573412116975727137e-01
9.771543086172345056e+02,7.762524925671823173e-01,1.288240629917787983e+00,4.493289641172215632e-01,3.567954951936823660e-01
9.793587174348697317e+02,7.750953088544998426e-01,1.290163917361186074e+00,4.493289641172215632e-01,3.562469410761870403e-01
9.815631262525050715e+02,7.739337814686739758e-01,1.292100207982039617e+00,4.493289641172215632e-01,3.556955301745782783e-01
9.837675350701402976e+02,7.727678908231172539e-01,1.294049625864818864e+00,4.493289641172215632e-01,3.551412431198816000e-01
9.859719438877755238e+02,7.715976171390609428e-01,1.296012296808033426e+00,4.493289641172215632e-01,3.545840603420440384e-01
9.881763527054108636e+02,7.704229404429776551e-01,1.297988348354502719e+00,4.493289641172215632e-01,3.540239620672782639e-01
9.903807615230460897e+02,7.692438405639595578e-01,1.299977909822280786e+00,4.493289641172215632e-01,3.534609283153653525e-01
9.925851703406813158e+02,7.680602971310499516e-01,1.301981112336256352e+00,4.493289641172215632e-01,3.528949388969123135e-01
9.947895791583166556e+02,7.668722895705269993e-01,1.303998088860443660e+00,4.493289641172215632e-01,3.523259734105648744e-01
9.969939879759518817e+02,7.656797971031410466e-01,1.306028974230979856e+00,4.493289641172215632e-01,3.517540112401754682e-01
9.991983967935872215e+02,7.644827987413006509e-01,1.308073905189850894e+00,4.493289641172215632e-01,3.511790315519233707e-01
1.001402805611222448e+03,7.632812732862087612e-01,1.310133020419365746e+00,4.493289641172215632e-01,3.506010132913885413e-01
1.003607214428857674e+03,7.620751993249483824e-01,1.312206460577390654e+00,4.493289641172215632e-01,3.500199351805768910e-01
1.005811623246493014e+03,7.608645552275140611e-01,1.314294368333375207e+00,4.493289641172215632e-01,3.494357757148948140e-01
1.008016032064128240e+03,7.596493191437913017e-01,1.316396888405179544e+00,4.493289641172215632e-01,3.488485131600767009e-01
1.010220440881763579e+03,7.584294690004784734e-01,1.318514167596735565e+00,4.493289641172215632e-01,3.482581255490564964e-01
1.012424849699398806e+03,7.572049824979557586e-01,1.320646354836551462e+00,4.493289641172215632e-01,3.476645906787924623e-01
1.014629258517034032e+03,7.559758371070933736e-01,1.322793601217094883e+00,4.493289641172215632e-01,3.470678861070336518e-01
1.016833667334669371e+03,7.547420100660033881e-01,1.324956060035068717e+00,4.493289641172215632e-01,3.464679891490358155e-01
1.019038076152304598e+03,7.535034783767300404e-01,1.327133886832608356e+00,4.493289641172215632e-01,3.458648768742196844e-01
1.021242484969939824e+03,7.522602188018792102e-01,1.329327239439425101e+00,4.493289641172215632e-01,3.452585261027739660e-01
1.023446893787575164e+03,7.510122078611839447e-01,1.331536278015921004e+00,4.493289641172215632e-01,3.446489134021997747e-01
1.025651302605210503e+03,7.497594218280079215e-01,1.333761165097297585e+00,4.493289641172215632e-01,3.440360150837979969e-01
1.027855711422845616e+03,7.485018367257806338e-01,1.336002065638694836e+00,4.493289641172215632e-01,3.434198071990949286e-01
1.030060120240480956e+03,7.472394283243657398e-01,1.338259147061381382e+00,4.493289641172215632e-01,3.428002655362076267e-01
1.032264529058116295e+03,7.459721721363617997e-01,1.340532579300026006e+00,4.493289641172215632e-01,3.421773656161469779e-01
1.034468937875751408e+03,7.447000434133321800e-01,1.342822534851080052e+00,4.493289641172215632e-01,3.415510826890583163e-01
1.036673346693386748e+03,7.434230171419600186e-01,1.345129188822311361e+00,4.493289641172215632e-01,3.409213917303942631e-01
1.038877755511022087e+03,7.421410680401340221e-01,1.347452718983503717e+00,4.493289641172215632e-01,3.402882674370248384e-01
1.041082164328657200e+03,7.408541705529544386e-01,1.349793305818371536e+00,4.493289641172215632e-01,3.396516842232780165e-01
1.043286573146292540e+03,7.395622988486640903e-01,1.352151132577715353e+00,4.493289641172215632e-01,3.390116162169122260e-01
1.045490981963927879e+03,7.382654268144993592e-01,1.354526385333855609e+00,4.493289641172215632e-01,3.383680372550183502e-01
1.047695390781563219e+03,7.369635280524597931e-01,1.356919253036381390e+00,4.493289641172215632e-01,3.377209208798506168e-01
1.049899799599198332e+03,7.356565758749947781e-01,1.359329927569251195e+00,4.493289641172215632e-01,3.370702403345836595e-01
1.052104208416833671e+03,7.343445433006055012e-01,1.361758603809285484e+00,4.493289641172215632e-01,3.364159685589955262e-01
1.054308617234469011e+03,7.330274030493586501e-01,1.364205479686091183e+00,4.493289641172215632e-01,3.357580781850741936e-01
1.056513026052104124e+03,7.317051275383129605e-01,1.366670756243455243e+00,4.493289641172215632e-01,3.350965415325475871e-01
1.058717434869739463e+03,7.303776888768509501e-01,1.369154637702261645e+00,4.493289641172215632e-01,3.344313306043326106e-01
1.060921843687374803e+03,7.290450588619202810e-01,1.371657331524961387e+00,4.493289641172215632e-01,3.337624170819041836e-01
1.063126252505010143e+03,7.277072089731769777e-01,1.374179048481653398e+00,4.493289641172215632e-01,3.330897723205820116e-01
1.065330661322645255e+03,7.263641103680309463e-01,1.376720002717816582e+00,4.493289641172215632e-01,3.324133673447329240e-01
1.067535070140280595e+03,7.250157338765899073e-01,1.379280411823748276e+00,4.493289641172215632e-01,3.317331728428863924e-01
1.069739478957915708e+03,7.236620499965017439e-01,1.381860496905750635e+00,4.493289641172215632e-01,3.310491591627636176e-01
1.071943887775551048e+03,7.223030288876874927e-01,1.384460482659130909e+00,4.493289641172215632e-01,3.303612963062159680e-01
1.074148296593186387e+03,7.209386403669699739e-01,1.387080597443054231e+00,4.493289641172215632e-01,3.296695539240724337e-01
1.076352705410821727e+03,7.195688539025870689e-01,1.389721073357320202e+00,4.493289641172215632e-01,3.289739013108933241e-01
1.078557114228456840e+03,7.181936386085924218e-01,1.392382146321110570e+00,4.493289641172215632e-01,3.282743073996290950e-01
1.080761523046092179e+03,7.168129632391394557e-01,1.395064056153773935e+00,4.493289641172215632e-01,3.275707407561815332e-01
1.082965931863727519e+03,7.154267961826434874e-01,1.397767046657708567e+00,4.493289641172215632e-01,3.268631695738649645e-01
1.085170340681362632e+03,7.140351054558221611e-01,1.400491365703406155e+00,4.493289641172215632e-01,3.261515616677674312e-01
1.087374749498997971e+03,7.126378586976079843e-01,1.403237265316727544e+00,4.493289641172215632e-01,3.254358844690068975e-01
1.089579158316633311e+03,7.112350231629318564e-01,1.406005001768475982e+00,4.493289641172215632e-01,3.247161050188818732e-01
1.091783567134268651e+03,7.098265657163727038e-01,1.408794835666340228e+00,4.493289641172215632e-01,3.239921899629144564e-01
1.093987975951903763e+03,7.084124528256711129e-01,1.411607032049285504e+00,4.493289641172215632e-01,3.232641055447826317e-01
1.096192384769539103e+03,7.069926505551005214e-01,1.414441860484465519e+00,4.493289641172215632e-01,3.225318176001394366e-01
1.098396793587174443e+03,7.055671245586976337e-01,1.417299595166735759e+00,4.493289641172215632e-01,3.217952915503181632e-01
1.100601202404809555e+03,7.041358400733418454e-01,1.420180515020853518e+00,4.493289641172215632e-01,3.210544923959190444e-01
1.102805611222444895e+03,7.026987619116830119e-01,1.423084903806451473e+00,4.493289641172215632e-01,3.203093847102749803e-01
1.105010020040080235e+03,7.012558544549151174e-01,1.426013050225866774e+00,4.493289641172215632e-01,3.195599326327973611e-01
1.107214428857715347e+03,6.998070816453871856e-01,1.428965248034928193e+00,4.493289641172215632e-01,3.188060998621933817e-01
1.109418837675350687e+03,6.983524069790505440e-01,1.431941796156791069e+00,4.493289641172215632e-01,3.180478496495572904e-01
1.111623246492986027e+03,6.968917934977372219e-01,1.434942998798918845e+00,4.493289641172215632e-01,3.172851447913302425e-01
1.113827655310621140e+03,6.954252037812636011e-01,1.437969165573320440e+00,4.493289641172215632e-01,3.165179476221270938e-01
1.116032064128256479e+03,6.939525999393548750e-01,1.441020611620146497e+00,4.493289641172215632e-01,3.157462200074248604e-01
1.118236472945891819e+03,6.924739436033879869e-01,1.444097657734752849e+00,4.493289641172215632e-01,3.149699233361145656e-01
1.120440881763527159e+03,6.909891959179432774e-01,1.447200630498356677e+00,4.493289641172215632e-01,3.141890185129080915e-01
1.122645290581162271e+03,6.894983175321625080e-01,1.450329862412396364e+00,4.493289641172215632e-01,3.134034659506009235e-01
1.124849699398797611e+03,6.880012685909082659e-01,1.453485692036723620e+00,4.493289641172215632e-01,3.126132255621856815e-01
1.127054108216432951e+03,6.864980087257173125e-01,1.456668464131756879e+00,4.493289641172215632e-01,3.118182567528134941e-01
1.129258517034068063e+03,6.849884970455420996e-01,1.459878529804733427e+00,4.493289641172215632e-01,3.110185184116001644e-01
1.131462925851703403e+03,6.834726921272755717e-01,1.463116246660197239e+00,4.493289641172215632e-01,3.102139689032737957e-01
1.133667334669338743e+03,6.819505520060527015e-01,1.466381978954867771e+00,4.493289641172215632e-01,3.094045660596604352e-01
1.135871743486973855e+03,6.804220341653216542e-01,1.469676097757043998e+00,4.493289641172215632e-01,3.085902671710037404e-01
1.138076152304609195e+03,6.788870955266771423e-01,1.472998981110703154e+00,4.493289641172215632e-01,3.077710289771148910e-01
1.140280561122244535e+03,6.773456924394518630e-01,1.476351014204449585e+00,4.493289641172215632e-01,3.069468076583504179e-01
1.142484969939879647e+03,6.757977806700560253e-01,1.479732589545494248e+00,4.493289641172215632e-01,3.061175588264127279e-01
1.144689378757514987e+03,6.742433153910576404e-01,1.483144107138837819e+00,4.493289641172215632e-01,3.052832375149692745e-01
1.146893787575150327e+03,6.726822511699983576e-01,1.486585974671840837e+00,4.493289641172215632e-01,3.044437981700885976e-01
1.149098196392785667e+03,6.711145419579340743e-01,1.490058607704377147e+00,4.493289641172215632e-01,3.035991946404860697e-01
1.151302605210420779e+03,6.695401410776941065e-01,1.493562429864767394e+00,4.493289641172215632e-01,3.027493801675780749e-01
1.153507014028056119e+03,6.679590012118471476e-01,1.497097873051708605e+00,4.493289641172215632e-01,3.018943073753370121e-01
1.155711422845691459e+03,6.663710743903713540e-01,1.500665377642402376e+00,4.493289641172215632e-01,3.010339282599482358e-01
1.157915831663326571e+03,6.647763119780119023e-01,1.504265392707127447e+00,4.493289641172215632e-01,3.001681941792582742e-01
1.160120240480961911e+03,6.631746646613210228e-01,1.507898376230481396e+00,4.493289641172215632e-01,2.992970558420128269e-01
1.162324649298597251e+03,6.615660824353705172e-01,1.511564795339536804e+00,4.493289641172215632e-01,2.984204632968819881e-01
1.164529058116232591e+03,6.599505145901253256e-01,1.515265126539175222e+00,4.493289641172215632e-01,2.975383659212635923e-01
1.166733466933867703e+03,6.583279096964660404e-01,1.518999855954866085e+00,4.493289641172215632e-01,2.966507124098625159e-01
1.168937875751503043e+03,6.566982155918538178e-01,1.522769479583164554e+00,4.493289641172215632e-01,2.957574507630411076e-01
1.171142284569138155e+03,6.550613793656219208e-01,1.526574503550225170e+00,4.493289641172215632e-01,2.948585282749356384e-01
1.173346693386773495e+03,6.534173473438830149e-01,1.530415444378638634e+00,4.493289641172215632e-01,2.939538915213304460e-01
1.175551102204408835e+03,6.517660650740429995e-01,1.534292829262898783e+00,4.493289641172215632e-01,2.930434863472916596e-01
1.177755511022044175e+03,6.501074773089033920e-01,1.538207196353846173e+00,4.493289641172215632e-01,2.921272578545466292e-01
1.179959919839679287e+03,6.484415279903428253e-01,1.542159095052426876e+00,4.493289641172215632e-01,2.912051503886102788e-01
1.182164328657314627e+03,6.467681602325630053e-01,1.546149086313127974e+00,4.493289641172215632e-01,2.902771075256496691e-01
1.184368737474949967e+03,6.450873163048838066e-01,1.550177742957475679e+00,4.493289641172215632e-01,2.893430720590814964e-01
1.186573146292585079e+03,6.433989376140747396e-01,1.554245649997983980e+00,4.493289641172215632e-01,2.884029859858982525e-01
1.188777555110220419e+03,6.417029646862029146e-01,1.558353404972979694e+00,4.493289641172215632e-01,2.874567904927139983e-01
1.190981963927855759e+03,6.399993371479878457e-01,1.562501618292721384e+00,4.493289641172215632e-01,2.865044259415281958e-01
1.193186372745491099e+03,6.382879937076404442e-01,1.566690913597282853e+00,4.493289641172215632e-01,2.855458318551977737e-01
1.195390781563126211e+03,6.365688721351726587e-01,1.570921928126661982e+00,4.493289641172215632e-01,2.845809469026124860e-01
1.197595190380761551e+03,6.348419092421559995e-01,1.575195313103623374e+00,4.493289641172215632e-01,2.836097088835681790e-01
1.199799599198396663e+03,6.331070408609161815e-01,1.579511734129781297e+00,4.493289641172215632e-01,2.826320547133316374e-01
1.202004008016032003e+03,6.313642018231353514e-01,1.583871871595486702e+00,4.493289641172215632e-01,2.816479204068866316e-01
1.204208416833667343e+03,6.296133259378515756e-01,1.588276421104068081e+00,4.493289641172215632e-01,2.806572410628626058e-01
1.206412825651302683e+03,6.278543459688253892e-01,1.592726093911043250e+00,4.493289641172215632e-01,2.796599508471299123e-01
1.208617234468937795e+03,6.260871936112568648e-01,1.597221617378918879e+00,4.493289641172215632e-01,2.786559829760623108e-01
1.210821643286573135e+03,6.243117994678272220e-01,1.601763735448240800e+00,4.493289641172215632e-01,2.776452696994557989e-01
1.213026052104208475e+03,6.225280930240443267e-01,1.606353209125578108e+00,4.493289641172215632e-01,2.766277422830987209e-01
1.215230460921843587e+03,6.207360026228618821e-01,1.610990816989176677e+00,4.493289641172215632e-01,2.756033309909856066e-01
1.217434869739478927e+03,6.189354554385498863e-01,1.615677355713036167e+00,4.493289641172215632e-01,2.745719650671666900e-01
1.219639278557114267e+03,6.171263774497898202e-01,1.620413640610202766e+00,4.493289641172215632e-01,2.735335727172285014e-01
1.221843687374749607e+03,6.153086934119614826e-01,1.625200506196131434e+00,4.493289641172215632e-01,2.724880810893957062e-01
1.224048096192384719e+03,6.134823268285969355e-01,1.630038806772984072e+00,4.493289641172215632e-01,2.714354162552483629e-01
1.226252505010020059e+03,6.116471999219674771e-01,1.634929417035797306e+00,4.493289641172215632e-01,2.703755031900479389e-01
1.228456913827655171e+03,6.098032336027717770e-01,1.639873232701491323e+00,4.493289641172215632e-01,2.693082657526628676e-01
1.230661322645290511e+03,6.079503474388917583e-01,1.644871171161745638e+00,4.493289641172215632e-01,2.682336266650882095e-01
1.232865731462925851e+03,6.060884596231821408e-01,1.649924172160811109e+00,4.493289641172215632e-01,2.671515074915527532e-01
1.235070140280561191e+03,6.042174869402516801e-01,1.655033198499409552e+00,4.493289641172215632e-01,2.660618286172015678e-01
1.237274549098196530e+03,6.023373447322060148e-01,1.660199236765887987e+00,4.493289641172215632e-01,2.649645092263557822e-01
1.239478957915831643e+03,6.004479468633026062e-01,1.665423298095911386e+00,4.493289641172215632e-01,2.638594672803320496e-01
1.241683366733466983e+03,5.985492056834806895e-01,1.670706418962004003e+00,4.493289641172215632e-01,2.627466194948224198e-01
1.243887775551102095e+03,5.966410319907237136e-01,1.676049661994328810e+00,4.493289641172215632e-01,2.616258813168254038e-01
1.246092184368737435e+03,5.947233349922004253e-01,1.681454116834199208e+00,4.493289641172215632e-01,2.604971669011191260e-01
1.248296593186372775e+03,5.927960222641458499e-01,1.686920901021847330e+00,4.493289641172215632e-01,2.593603890862745676e-01
1.250501002004008114e+03,5.908589997104232161e-01,1.692451160920108721e+00,4.493289641172215632e-01,2.582154593701975198e-01
1.252705410821643227e+03,5.889121715197181972e-01,1.698046072675741147e+00,4.493289641172215632e-01,2.570622878851973048e-01
1.254909819639278567e+03,5.869554401213070705e-01,1.703706843220208267e+00,4.493289641172215632e-01,2.559007833725732151e-01
1.257114228456913906e+03,5.849887061393441723e-01,1.709434711311845767e+00,4.493289641172215632e-01,2.547308531567163969e-01
1.259318637274549019e+03,5.830118683456028128e-01,1.715230948621463414e+00,4.493289641172215632e-01,2.535524031187186833e-01
1.261523046092184359e+03,5.810248236106063668e-01,1.721096860863528644e+00,4.493289641172215632e-01,2.523653376694854900e-01
1.263727454909819699e+03,5.790274668530861479e-01,1.727033788975204542e+00,4.493289641172215632e-01,2.511695597223489451e-01
1.265931863727455038e+03,5.770196909876875724e-01,1.733043110345670934e+00,4.493289641172215632e-01,2.499649706651762837e-01
1.268136272545090151e+03,5.750013868708586662e-01,1.739126240098257448e+00,4.493289641172215632e-01,2.487514703319716192e-01
1.270340681362725491e+03,5.729724432448343174e-01,1.745284632428115712e+00,4.493289641172215632e-01,2.475289569739677065e-01
1.272545090180360603e+03,5.709327466796403350e-01,1.751519781998275072e+00,4.493289641172215632e-01,2.462973272302073358e-01
1.274749498997995943e+03,5.688821815130273851e-01,1.757833225397129162e+00,4.493289641172215632e-01,2.450564760976128575e-01
1.276953907815631283e+03,5.668206297882457667e-01,1.764226542660563446e+00,4.493289641172215632e-01,2.438062969005455882e-01
1.279158316633266622e+03,5.647479711895611043e-01,1.770701358862153185e+00,4.493289641172215632e-01,2.425466812598532640e-01
1.281362725450901735e+03,5.626640829754170348e-01,1.777259345775035637e+00,4.493289641172215632e-01,2.412775190614136478e-01
1.283567134268537075e+03,5.605688399091299789e-01,1.783902223609330928e+00,4.493289641172215632e-01,2.399986984241728183e-01
1.285771543086172414e+03,5.584621141870128591e-01,1.790631762829177021e+00,4.493289641172215632e-01,2.387101056676885213e-01
1.287975951903807527e+03,5.563437753638017513e-01,1.797449786053748166e+00,4.493289641172215632e-01,2.374116252791824977e-01
1.290180360721442867e+03,5.542136902752652361e-01,1.804358170046869381e+00,4.493289641172215632e-01,2.361031398801128056e-01
1.292384769539078206e+03,5.520717229578657737e-01,1.811358847800143890e+00,4.493289641172215632e-01,2.347845301922781847e-01
1.294589178356713546e+03,5.499177345653299964e-01,1.818453810714846908e+00,4.493289641172215632e-01,2.334556750034655348e-01
1.296793587174348659e+03,5.477515832819865871e-01,1.825645110888146183e+00,4.493289641172215632e-01,2.321164511326606616e-01
1.298997995991983998e+03,5.455731242327102049e-01,1.832934863509620760e+00,4.493289641172215632e-01,2.307667333948356936e-01
1.301202404809619111e+03,5.433822093893188043e-01,1.840325249374380467e+00,4.493289641172215632e-01,2.294063945653440906e-01
1.303406813627254451e+03,5.411786874732354979e-01,1.847818517519605575e+00,4.493289641172215632e-01,2.280353053439374555e-01
1.305611222444889790e+03,5.389624038542482065e-01,1.855416987991671318e+00,4.493289641172215632e-01,2.266533343184459481e-01
1.307815631262525130e+03,5.367332004451609295e-01,1.863123054751616658e+00,4.493289641172215632e-01,2.252603479281456156e-01
1.310020040080160243e+03,5.344909155921364619e-01,1.870939188727181124e+00,4.493289641172215632e-01,2.238562104268569941e-01
1.312224448897795583e+03,5.322353839605130643e-01,1.878867941020228693e+00,4.493289641172215632e-01,2.224407838458167253e-01
1.314428857715430922e+03,5.299664364158629404e-01,1.886911946278996499e+00,4.493289641172215632e-01,2.210139279563706483e-01
1.316633266533066035e+03,5.276838999000467156e-01,1.895073926245274709e+00,4.493289641172215632e-01,2.195755002325441019e-01
1.318837675350701375e+03,5.253875973020066814e-01,1.903356693487329387e+00,4.493289641172215632e-01,2.181253558135514969e-01
1.321042084168336714e+03,5.230773473230205806e-01,1.911763155330183261e+00,4.493289641172215632e-01,2.166633474663146597e-01
1.323246492985972054e+03,5.207529643361235028e-01,1.920296317995692226e+00,4.493289641172215632e-01,2.151893255480680500e-01
1.325450901803607167e+03,5.184142582393848064e-01,1.928959290965790663e+00,4.493289641172215632e-01,2.137031379691355648e-01
1.327655310621242506e+03,5.160610343027097757e-01,1.937755291583248107e+00,4.493289641172215632e-01,2.122046301559798731e-01
1.329859719438877619e+03,5.136930930078125179e-01,1.946687649905371575e+00,4.493289641172215632e-01,2.106936450146288387e-01
1.332064128256512959e+03,5.113102298809826252e-01,1.955759813827252058e+00,4.493289641172215632e-01,2.091700228946004603e-01
1.334268537074148298e+03,5.089122353182449210e-01,1.964975354492423554e+00,4.493289641172215632e-01,2.076336015534592239e-01
1.336472945891783638e+03,5.064988944024870765e-01,1.974337972010170805e+00,4.493289641172215632e-01,2.060842161221545232e-01
1.338677354709418751e+03,5.040699867120939093e-01,1.983851501500252912e+00,4.493289641172215632e-01,2.045216990713017990e-01
1.340881763527054090e+03,5.016252861206046409e-01,1.993519919487416470e+00,4.493289641172215632e-01,2.029458801785920252e-01
1.343086172344689430e+03,4.991645605868729740e-01,2.003347350669866245e+00,4.493289641172215632e-01,2.013565864975323527e-01
1.345290581162324543e+03,4.966875719351686591e-01,2.013338075087828916e+00,4.493289641172215632e-01,1.997536423277390949e-01
1.347494989979959882e+03,4.941940756246273048e-01,2.023496535720442857e+00,4.493289641172215632e-01,1.981368691870337151e-01
1.349699398797595222e+03,4.916838205074128831e-01,2.033827346541543513e+00,4.493289641172215632e-01,1.965060857856179566e-01
1.351903807615230562e+03,4.891565485749030384e-01,2.044335301067472077e+00,4.493289641172215632e-01,1.948611080026297904e-01
1.354108216432865675e+03,4.866119946911673377e-01,2.055025381432816989e+00,4.493289641172215632e-01,1.932017488654177995e-01
1.356312625250501014e+03,4.840498863129513718e-01,2.065902768033030412e+00,4.493289641172215632e-01,1.915278185319092552e-01
1.358517034068136127e+03,4.814699431953209374e-01,2.076972849776260510e+00,4.493289641172215632e-01,1.898391242764823350e-01
1.360721442885771467e+03,4.788718770820532544e-01,2.088241234990404482e+00,4.493289641172215632e-01,1.881354704797975064e-01
1.362925851703406806e+03,4.762553913798060479e-01,2.099713763035421454e+00,4.493289641172215632e-01,1.864166586230990852e-01
1.365130260521042146e+03,4.736201808150016235e-01,2.111396516675468682e+00,4.493289641172215632e-01,1.846824872875385548e-01
1.367334669338677486e+03,4.709659310722983938e-01,2.123295835270277987e+00,4.493289641172215632e-01,1.829327521591448402e-01
1.369539078156312598e+03,4.682923184134230032e-01,2.135418328850675174e+00,4.493289641172215632e-01,1.811672460401225482e-01
1.371743486973947938e+03,4.655990092750411091e-01,2.147770893149119065e+00,4.493289641172215632e-01,1.793857588672381487e-01
1.373947895791583051e+03,4.628856598442433468e-01,2.160360725662770598e+00,4.493289641172215632e-01,1.775880777381356468e-01
1.376152304609218390e+03,4.601519156100959962e-01,2.173195342833990296e+00,4.493289641172215632e-01,1.757739869465082816e-01
1.378356713426853730e+03,4.573974108895900170e-01,2.186282598441265268e+00,4.493289641172215632e-01,1.739432680271617848e-01
1.380561122244489070e+03,4.546217683261762343e-01,2.199630703302646761e+00,4.493289641172215632e-01,1.720956998121110082e-01
1.382765531062124182e+03,4.518245983589189718e-01,2.213248246403847208e+00,4.493289641172215632e-01,1.702310584989769615e-01
1.384969939879759522e+03,4.490054986601350051e-01,2.227144217574333673e+00,4.493289641172215632e-01,1.683491177330908584e-01
1.387174348697394862e+03,4.461640535392044637e-01,2.241328031847213520e+00,4.493289641172215632e-01,1.664496487048713336e-01
1.389378757515029974e+03,4.432998333100200972e-01,2.255809555652716902e+00,4.493289641172215632e-01,1.645324202642039768e-01
1.391583166332665314e+03,4.404123936193305999e-01,2.270599135010600289e+00,4.493289641172215632e-01,1.625971990537521394e-01
1.393787575150300654e+03,4.375012747329821150e-01,2.285707625904232820e+00,4.493289641172215632e-01,1.606437496633469353e-01
1.395991983967935994e+03,4.345660007767750965e-01,2.301146427038762265e+00,4.493289641172215632e-01,1.586718348078342833e-01
1.398196392785571106e+03,4.316060789283619470e-01,2.316927515207634958e+00,4.493289641172215632e-01,1.566812155310377264e-01
1.400400801603206446e+03,4.286209985562656199e-01,2.333063483516495840e+00,4.493289641172215632e-01,1.546716514387953267e-01
1.402605210420841559e+03,4.256102303017217370e-01,2.349567582741336924e+00,4.493289641172215632e-01,1.526429009643653079e-01
1.404809619238476898e+03,4.225732250986309335e-01,2.366453766129159142e+00,4.493289641172215632e-01,1.505947216698816649e-01
1.407014028056112238e+03,4.195094131264417436e-01,2.383736737984937903e+00,4.493289641172215632e-01,1.485268705879668194e-01
1.409218436873747578e+03,4.164182026902573663e-01,2.401432006428945165e+00,4.493289641172215632e-01,1.464391046080896486e-01
1.411422845691382690e+03,4.132989790218898896e-01,2.419555940754056778e+00,4.493289641172215632e-01,1.443311809128073331e-01
1.413627254509018030e+03,4.101511029949187481e-01,2.438125833864669190e+00,4.493289641172215632e-01,1.422028574696329317e-01
1.415831663326653143e+03,4.069739097460914889e-01,2.457159970337886801e+00,4.493289641172215632e-01,1.400538935849721944e-01
1.418036072144288482e+03,4.037667071945762465e-01,2.476677700715173902e+00,4.493289641172215632e-01,1.378840505273480344e-01
1.420240480961923822e+03,4.005287744496527913e-01,2.496699522709826979e+00,4.493289641172215632e-01,1.356930922280225049e-01
1.422444889779559162e+03,3.972593600963865157e-01,2.517247170104113696e+00,4.493289641172215632e-01,1.334807860681265779e-01
1.424649298597194502e+03,3.939576803476481648e-01,2.538343710211588000e+00,4.493289641172215632e-01,1.312469037625450530e-01
1.426853707414829614e+03,3.906229170495105762e-01,2.560013650897118964e+00,4.493289641172215632e-01,1.289912223521029744e-01
1.429058116232464954e+03,3.872542155255343510e-01,2.582283058282326405e+00,4.493289641172215632e-01,1.267135253170647569e-01
1.431262525050100066e+03,3.838506822437406929e-01,2.605179686420386886e+00,4.493289641172215632e-01,1.244136038266416555e-01
1.433466933867735406e+03,3.804113822880860751e-01,2.628733120405683632e+00,4.493289641172215632e-01,1.220912581411031927e-01
1.435671342685370746e+03,3.769353366140392181e-01,2.652974934594535927e+00,4.493289641172215632e-01,1.197462991852912412e-01
1.437875751503006086e+03,3.734215190652586114e-01,2.677938867859517735e+00,4.493289641172215632e-01,1.173785503148137010e-01
1.440080160320641426e+03,3.698688531254439305e-01,2.703661018087517132e+00,4.493289641172215632e-01,1.149878492990766138e-01
1.442284569138276538e+03,3.662762083760242593e-01,2.730180058469389159e+00,4.493289641172215632e-01,1.125740505485916809e-01
1.444488977955911650e+03,3.626423966264311627e-01,2.757537478526345787e+00,4.493289641172215632e-01,1.101370276177745244e-01
1.446693386773546990e+03,3.589661676791646161e-01,2.785777853287210171e+00,4.493289641172215632e-01,1.076766760188019867e-01
1.448897795591182330e+03,3.552462046865945688e-01,2.814949144586133656e+00,4.493289641172215632e-01,1.051929163871093142e-01
1.451102204408817670e+03,3.514811190503030480e-01,2.845103039110566279e+00,4.493289641172215632e-01,1.026856980449012274e-01
1.453306613226453010e+03,3.476694448066094956e-01,2.876295328616663927e+00,4.493289641172215632e-01,1.001550030157536547e-01
1.455511022044088122e+03,3.438096324335293552e-01,2.908586338671984795e+00,4.493289641172215632e-01,9.760085055115512442e-02
1.457715430861723462e+03,3.399000420045289461e-01,2.942041413418464924e+00,4.493289641172215632e-01,9.502330223884596083e-02
1.459919839679358574e+03,3.359389356027997486e-01,2.976731465215924022e+00,4.493289641172215632e-01,9.242246777331011853e-02
1.462124248496993914e+03,3.319244688959570033e-01,3.012733599683649288e+00,4.493289641172215632e-01,8.979851148098723368e-02
1.464328657314629254e+03,3.278546817546508230e-01,3.050131828675081369e+00,4.493289641172215632e-01,8.715165970703078746e-02
1.466533066132264594e+03,3.237274877789700356e-01,3.089017886188167861e+00,4.493289641172215632e-01,8.448220918710711014e-02
1.468737474949899934e+03,3.195406625729852457e-01,3.129492165247023117e+00,4.493289641172215632e-01,8.179053654723811295e-02
1.470941883767535046e+03,3.152918305794518150e-01,3.171664797537484759e+00,4.493289641172215632e-01,7.907710909758305928e-02
1.473146292585170386e+03,3.109784502523608718e-01,3.215656902233881453e+00,4.493289641172215632e-01,7.634249711292247220e-02
1.475350701402805498e+03,3.065977973033046089e-01,3.261602036268842042e+00,4.493289641172215632e-01,7.358738782423383806e-02
1.477555110220440838e+03,3.021469457065149022e-01,3.309647885606404216e+00,4.493289641172215632e-01,7.081260138295113193e-02
1.479759519038076178e+03,2.976227460846574413e-01,3.359958246321517628e+00,4.493289641172215632e-01,6.801910910340065730e-02
1.481963927855711518e+03,2.930218010197006562e-01,3.412715356059009775e+00,4.493289641172215632e-01,6.520805434063815798e-02
1.484168336673346857e+03,2.883404367364120757e-01,3.468122651538310564e+00,4.493289641172215632e-01,6.238077642198272543e-02
1.486372745490981970e+03,2.835746704847250665e-01,3.526408047272563628e+00,4.493289641172215632e-01,5.953883812255888336e-02
1.488577154308617082e+03,2.787201727940690765e-01,3.587827856072852928e+00,4.493289641172215632e-01,5.668405726000810829e-02
1.490781563126252422e+03,2.737722235780140623e-01,3.652671505277964137e+00,4.493289641172215632e-01,5.381854308331117387e-02
1.492985971943887762e+03,2.687256608178756889e-01,3.721267246888391611e+00,4.493289641172215632e-01,5.094473824756385466e-02
1.495190380761523102e+03,2.635748202310257970e-01,3.793989119004200106e+00,4.493289641172215632e-01,4.806546730274645352e-02
1.497394789579158441e+03,2.583134639082726447e-01,3.871265496076119916e+00,4.493289641172215632e-01,4.518399278187754803e-02
1.499599198396793554e+03,2.529346953492605521e-01,3.953589675070741549e+00,4.493289641172215632e-01,4.230408015330914401e-02
1.501803607214428894e+03,2.474308575849324954e-01,4.041533096399435365e+00,4.493289641172215632e-01,3.943007310222521739e-02
1.504008016032064006e+03,2.417934100790730401e-01,4.135762011350816891e+00,4.493289641172215632e-01,3.656698082279564305e-02
1.506212424849699346e+03,2.360127787404274480e-01,4.237058710705762898e+00,4.493289641172215632e-01,3.372057922298689336e-02
1.508416833667334686e+03,2.300781714951428414e-01,4.346348867002843619e+00,4.493289641172215632e-01,3.089752814448712762e-02
1.510621242484970026e+03,2.239773492275017597e-01,4.464737186367289112e+00,4.493289641172215632e-01,2.810550683424005436e-02
1.512825651302605365e+03,2.176963381273735454e-01,4.593554529221813176e+00,4.493289641172215632e-01,2.535336988710308256e-02
1.515030060120240478e+03,2.112190640065832181e-01,4.734421131460142540e+00,4.493289641172215632e-01,2.265132555948152701e-02
1.517234468937875590e+03,2.045268810308952523e-01,4.889332859131327425e+00,4.493289641172215632e-01,2.001113746238760566e-02
1.519438877755510930e+03,1.975979550179959576e-01,5.060781119465160849e+00,4.493289641172215632e-01,1.744634870364744628e-02
1.521643286573146270e+03,1.904064423516740046e-01,5.251923136891740285e+00,4.493289641172215632e-01,1.497252372113416427e-02
1.523847695390781610e+03,1.829213750478830558e-01,5.466829667873596144e+00,4.493289641172215632e-01,1.260749583592645807e-02
1.526052104208416949e+03,1.751051121711042491e-01,5.710855540430186394e+00,4.493289641172215632e-01,1.037159528168571897e-02
1.528256513026052062e+03,1.669111316424439218e-01,5.991212150800069303e+00,4.493289641172215632e-01,8.287808324189689657e-03
1.530460921843687402e+03,1.582807825433229787e-01,6.317886378444523388e+00,4.493289641172215632e-01,6.381774389888181416e-03
1.532665330661322514e+03,1.491383286668860608e-01,6.705184434737701871e+00,4.493289641172215632e-01,4.681449251856138229e-03
1.534869739478957854e+03,1.393830360238887123e-01,7.174474229622972210e+00,4.493289641172215632e-01,3.216120743664578965e-03
1.537074148296593194e+03,1.288758126398457105e-01,7.759407909958899729e+00,4.493289641172215632e-01,2.014213810979887786e-03
1.539278557114228533e+03,1.174149655477713383e-01,8.516801885813618966e+00,4.493289641172215632e-01,1.098904495455798507e-03
1.541482965931863873e+03,1.046877637751774948e-01,9.552214737794503918e+00,4.493289641172215632e-01,4.799772791745950378e-04
1.543687374749498986e+03,9.015950494856476982e-02,1.109145398003783889e+01,4.493289641172215632e-01,1.400987279805794496e-04
1.545891783567134098e+03,7.275918828266640659e-02,1.374396861211592658e+01,4.493289641172215632e-01,1.678248307386314409e-05
1.548096192384769438e+03,4.954813139962033208e-02,2.018239581902098934e+01,4.493289641172215632e-01,9.725624357563528162e-08
1.550300601202404778e+03,nan,nan,4.493289641172215632e-01,nan
1.552505010020040118e+03,nan,nan,4.493289641172215632e-01,nan
1.554709418837675457e+03,nan,nan,4.493289641172215632e-01,nan
1.556913827655310570e+03,nan,nan,4.493289641172215632e-01,nan
1.559118236472945910e+03,nan,nan,4.493289641172215632e-01,nan
1.561322645290581022e+03,nan,nan,4.493289641172215632e-01,nan
1.563527054108216362e+03,nan,nan,4.493289641172215632e-01,nan
1.565731462925851702e+03,nan,nan,4.493289641172215632e-01,nan
1.567935871743487041e+03,nan,nan,4.493289641172215632e-01,nan
1.570140280561122381e+03,nan,nan,4.493289641172215632e-01,nan
1.572344689378757494e+03,nan,nan,4.493289641172215632e-01,nan
1.574549098196392833e+03,nan,nan,4.493289641172215632e-01,nan
1.576753507014027946e+03,nan,nan,4.493289641172215632e-01,nan
1.578957915831663286e+03,nan,nan,4.493289641172215632e-01,nan
1.581162324649298625e+03,nan,nan,4.493289641172215632e-01,nan
1.583366733466933965e+03,nan,nan,4.493289641172215632e-01,nan
1.585571142284569078e+03,nan,nan,4.493289641172215632e-01,nan
1.587775551102204417e+03,nan,nan,4.493289641172215632e-01,nan
1.589979959919839530e+03,nan,nan,4.493289641172215632e-01,nan
1.592184368737474870e+03,nan,nan,4.493289641172215632e-01,nan
1.594388777555110210e+03,nan,nan,4.493289641172215632e-01,nan
1.596593186372745549e+03,nan,nan,4.493289641172215632e-01,nan
1.598797595190380889e+03,nan,nan,4.493289641172215632e-01,nan
1.601002004008016002e+03,nan,nan,4.493289641172215632e-01,nan
1.603206412825651341e+03,nan,nan,4.493289641172215632e-01,nan
1.605410821643286454e+03,nan,nan,4.493289641172215632e-01,nan
1.607615230460921794e+03,nan,nan,4.493289641172215632e-01,nan
1.609819639278557133e+03,nan,nan,4.493289641172215632e-01,nan
1.612024048096192473e+03,nan,nan,4.493289641172215632e-01,nan
1.614228456913827813e+03,nan,nan,4.493289641172215632e-01,nan
1.616432865731462925e+03,nan,nan,4.493289641172215632e-01,nan
1.618637274549098038e+03,nan,nan,4.493289641172215632e-01,nan
1.620841683366733378e+03,nan,nan,4.493289641172215632e-01,nan
1.623046092184368717e+03,nan,nan,4.493289641172215632e-01,nan
1.625250501002004057e+03,nan,nan,4.493289641172215632e-01,nan
1.627454909819639397e+03,nan,nan,4.493289641172215632e-01,nan
1.629659318637274509e+03,nan,nan,4.493289641172215632e-01,nan
1.631863727454909849e+03,nan,nan,4.493289641172215632e-01,nan
1.634068136272544962e+03,nan,nan,4.493289641172215632e-01,nan
1.636272545090180301e+03,nan,nan,4.493289641172215632e-01,nan
1.638476953907815641e+03,nan,nan,4.493289641172215632e-01,nan
1.640681362725450981e+03,nan,nan,4.493289641172215632e-01,nan
1.642885771543086321e+03,nan,nan,4.493289641172215632e-01,nan
1.645090180360721433e+03,nan,nan,4.493289641172215632e-01,nan
1.647294589178356546e+03,nan,nan,4.493289641172215632e-01,nan
1.649498997995991886e+03,nan,nan,4.493289641172215632e-01,nan
1.651703406813627225e+03,nan,nan,4.493289641172215632e-01,nan
1.653907815631262565e+03,nan,nan,4.493289641172215632e-01,nan
1.656112224448897905e+03,nan,nan,4.493289641172215632e-01,nan
1.658316633266533017e+03,nan,nan,4.493289641172215632e-01,nan
1.660521042084168357e+03,nan,nan,4.493289641172215632e-01,nan
1.662725450901803470e+03,nan,nan,4.493289641172215632e-01,nan
1.664929859719438809e+03,nan,nan,4.493289641172215632e-01,nan
1.667134268537074149e+03,nan,nan,4.493289641172215632e-01,nan
1.669338677354709489e+03,nan,nan,4.493289641172215632e-01,nan
1.671543086172344829e+03,nan,nan,4.493289641172215632e-01,nan
1.673747494989979941e+03,nan,nan,4.493289641172215632e-01,nan
1.675951903807615281e+03,nan,nan,4.493289641172215632e-01,nan
1.678156312625250393e+03,nan,nan,4.493289641172215632e-01,nan
1.680360721442885733e+03,nan,nan,4.493289641172215632e-01,nan
1.682565130260521073e+03,nan,nan,4.493289641172215632e-01,nan
1.684769539078156413e+03,nan,nan,4.493289641172215632e-01,nan
1.686973947895791525e+03,nan,nan,4.493289641172215632e-01,nan
1.689178356713426865e+03,nan,nan,4.493289641172215632e-01,nan
1.691382765531061978e+03,nan,nan,4.493289641172215632e-01,nan
1.693587174348697317e+03,nan,nan,4.493289641172215632e-01,nan
1.695791583166332657e+03,nan,nan,4.493289641172215632e-01,nan
1.697995991983967997e+03,nan,nan,4.493289641172215632e-01,nan
1.700200400801603337e+03,nan,nan,4.493289641172215632e-01,nan
1.702404809619238449e+03,nan,nan,4.493289641172215632e-01,nan
1.704609218436873789e+03,nan,nan,4.493289641172215632e-01,nan
1.706813627254508901e+03,nan,nan,4.493289641172215632e-01,nan
1.709018036072144241e+03,nan,nan,4.493289641172215632e-01,nan
1.711222444889779581e+03,nan,nan,4.493289641172215632e-01,nan
1.713426853707414921e+03,nan,nan,4.493289641172215632e-01,nan
1.715631262525050261e+03,nan,nan,4.493289641172215632e-01,nan
1.717835671342685373e+03,nan,nan,4.493289641172215632e-01,nan
1.720040080160320485e+03,nan,nan,4.493289641172215632e-01,nan
1.722244488977955825e+03,nan,nan,4.493289641172215632e-01,nan
1.724448897795591165e+03,nan,nan,4.493289641172215632e-01,nan
1.726653306613226505e+03,nan,nan,4.493289641172215632e-01,nan
1.728857715430861845e+03,nan,nan,4.493289641172215632e-01,nan
1.731062124248496957e+03,nan,nan,4.493289641172215632e-01,nan
1.733266533066132297e+03,nan,nan,4.493289641172215632e-01,nan
1.735470941883767409e+03,nan,nan,4.493289641172215632e-01,nan
1.737675350701402749e+03,nan,nan,4.493289641172215632e-01,nan
1.739879759519038089e+03,nan,nan,4.493289641172215632e-01,nan
1.742084168336673429e+03,nan,nan,4.493289641172215632e-01,nan
1.744288577154308769e+03,nan,nan,4.493289641172215632e-01,nan
1.746492985971943881e+03,nan,nan,4.493289641172215632e-01,nan
1.748697394789578993e+03,nan,nan,4.493289641172215632e-01,nan
1.750901803607214333e+03,nan,nan,4.493289641172215632e-01,nan
1.753106212424849673e+03,nan,nan,4.493289641172215632e-01,nan
1.755310621242485013e+03,nan,nan,4.493289641172215632e-01,nan
1.757515030060120353e+03,nan,nan,4.493289641172215632e-01,nan
1.759719438877755465e+03,nan,nan,4.493289641172215632e-01,nan
1.761923847695390805e+03,nan,nan,4.493289641172215632e-01,nan
1.764128256513025917e+03,nan,nan,4.493289641172215632e-01,nan
1.766332665330661257e+03,nan,nan,4.493289641172215632e-01,nan
1.768537074148296597e+03,nan,nan,4.493289641172215632e-01,nan
1.770741482965931937e+03,nan,nan,4.493289641172215632e-01,nan
1.772945891783567276e+03,nan,nan,4.493289641172215632e-01,nan
1.775150300601202389e+03,nan,nan,4.493289641172215632e-01,nan
1.777354709418837501e+03,nan,nan,4.493289641172215632e-01,nan
1.779559118236472841e+03,nan,nan,4.493289641172215632e-01,nan
1.781763527054108181e+03,nan,nan,4.493289641172215632e-01,nan
1.783967935871743521e+03,nan,nan,4.493289641172215632e-01,nan
1.786172344689378860e+03,nan,nan,4.493289641172215632e-01,nan
1.788376753507013973e+03,nan,nan,4.493289641172215632e-01,nan
1.790581162324649313e+03,nan,nan,4.493289641172215632e-01,nan
1.792785571142284425e+03,nan,nan,4.493289641172215632e-01,nan
1.794989979959919765e+03,nan,nan,4.493289641172215632e-01,nan
1.797194388777555105e+03,nan,nan,4.493289641172215632e-01,nan
1.799398797595190445e+03,nan,nan,4.493289641172215632e-01,nan
1.801603206412825784e+03,nan,nan,4.493289641172215632e-01,nan
1.803807615230460897e+03,nan,nan,4.493289641172215632e-01,nan
1.806012024048096237e+03,nan,nan,4.493289641172215632e-01,nan
1.808216432865731349e+03,nan,nan,4.493289641172215632e-01,nan
1.810420841683366689e+03,nan,nan,4.493289641172215632e-01,nan
1.812625250501002029e+03,nan,nan,4.493289641172215632e-01,nan
1.814829659318637368e+03,nan,nan,4.493289641172215632e-01,nan
1.817034068136272481e+03,nan,nan,4.493289641172215632e-01,nan
1.819238476953907821e+03,nan,nan,4.493289641172215632e-01,nan
1.821442885771542933e+03,nan,nan,4.493289641172215632e-01,nan
1.823647294589178273e+03,nan,nan,4.493289641172215632e-01,nan
1.825851703406813613e+03,nan,nan,4.493289641172215632e-01,nan
1.828056112224448952e+03,nan,nan,4.493289641172215632e-01,nan
1.830260521042084292e+03,nan,nan,4.493289641172215632e-01,nan
1.832464929859719405e+03,nan,nan,4.493289641172215632e-01,nan
1.834669338677354745e+03,nan,nan,4.493289641172215632e-01,nan
1.836873747494989857e+03,nan,nan,4.493289641172215632e-01,nan
1.839078156312625197e+03,nan,nan,4.493289641172215632e-01,nan
1.841282565130260537e+03,nan,nan,4.493289641172215632e-01,nan
1.843486973947895876e+03,nan,nan,4.493289641172215632e-01,nan
1.845691382765531216e+03,nan,nan,4.493289641172215632e-01,nan
1.847895791583166329e+03,nan,nan,4.493289641172215632e-01,nan
1.850100200400801441e+03,nan,nan,4.493289641172215632e-01,nan
1.852304609218436781e+03,nan,nan,4.493289641172215632e-01,nan
1.854509018036072121e+03,nan,nan,4.493289641172215632e-01,nan
1.856713426853707460e+03,nan,nan,4.493289641172215632e-01,nan
1.858917835671342800e+03,nan,nan,4.493289641172215632e-01,nan
1.861122244488977913e+03,nan,nan,4.493289641172215632e-01,nan
1.863326653306613252e+03,nan,nan,4.493289641172215632e-01,nan
1.865531062124248365e+03,nan,nan,4.493289641172215632e-01,nan
1.867735470941883705e+03,nan,nan,4.493289641172215632e-01,nan
1.869939879759519044e+03,nan,nan,4.493289641172215632e-01,nan
1.872144288577154384e+03,nan,nan,4.493289641172215632e-01,nan
1.874348697394789724e+03,nan,nan,4.493289641172215632e-01,nan
1.876553106212424836e+03,nan,nan,4.493289641172215632e-01,nan
1.878757515030059949e+03,nan,nan,4.493289641172215632e-01,nan
1.880961923847695289e+03,nan,nan,4.493289641172215632e-01,nan
1.883166332665330629e+03,nan,nan,4.493289641172215632e-01,nan
1.885370741482965968e+03,nan,nan,4.493289641172215632e-01,nan
1.887575150300601308e+03,nan,nan,4.493289641172215632e-01,nan
1.889779559118236421e+03,nan,nan,4.493289641172215632e-01,nan
1.891983967935871760e+03,nan,nan,4.493289641172215632e-01,nan
1.894188376753506873e+03,nan,nan,4.493289641172215632e-01,nan
1.896392785571142213e+03,nan,nan,4.493289641172215632e-01,nan
1.898597194388777552e+03,nan,nan,4.493289641172215632e-01,nan
1.900801603206412892e+03,nan,nan,4.493289641172215632e-01,nan
1.903006012024048232e+03,nan,nan,4.493289641172215632e-01,nan
1.905210420841683344e+03,nan,nan,4.493289641172215632e-01,nan
1.907414829659318684e+03,nan,nan,4.493289641172215632e-01,nan
1.909619238476953797e+03,nan,nan,4.493289641172215632e-01,nan
1.911823647294589136e+03,nan,nan,4.493289641172215632e-01,nan
1.914028056112224476e+03,nan,nan,4.493289641172215632e-01,nan
1.916232464929859816e+03,nan,nan,4.493289641172215632e-01,nan
1.918436873747494928e+03,nan,nan,4.493289641172215632e-01,nan
1.920641282565130268e+03,nan,nan,4.493289641172215632e-01,nan
1.922845691382765381e+03,nan,nan,4.493289641172215632e-01,nan
1.925050100200400720e+03,nan,nan,4.493289641172215632e-01,nan
1.927254509018036060e+03,nan,nan,4.493289641172215632e-01,nan
1.929458917835671400e+03,nan,nan,4.493289641172215632e-01,nan
1.931663326653306513e+03,nan,nan,4.493289641172215632e-01,nan
1.933867735470941852e+03,nan,nan,4.493289641172215632e-01,nan
1.936072144288577192e+03,nan,nan,4.493289641172215632e-01,nan
1.938276553106212305e+03,nan,nan,4.493289641172215632e-01,nan
1.940480961923847644e+03,nan,nan,4.493289641172215632e-01,nan
1.942685370741482984e+03,nan,nan,4.493289641172215632e-01,nan
1.944889779559118324e+03,nan,nan,4.493289641172215632e-01,nan
1.947094188376753436e+03,nan,nan,4.493289641172215632e-01,nan
1.949298597194388776e+03,nan,nan,4.493289641172215632e-01,nan
1.951503006012024116e+03,nan,nan,4.493289641172215632e-01,nan
1.953707414829659228e+03,nan,nan,4.493289641172215632e-01,nan
1.955911823647294568e+03,nan,nan,4.493289641172215632e-01,nan
1.958116232464929908e+03,nan,nan,4.493289641172215632e-01,nan
1.960320641282565020e+03,nan,nan,4.493289641172215632e-01,nan
1.962525050100200360e+03,nan,nan,4.493289641172215632e-01,nan
1.964729458917835700e+03,nan,nan,4.493289641172215632e-01,nan
1.966933867735471040e+03,nan,nan,4.493289641172215632e-01,nan
1.969138276553106152e+03,nan,nan,4.493289641172215632e-01,nan
1.971342685370741492e+03,nan,nan,4.493289641172215632e-01,nan
1.973547094188376832e+03,nan,nan,4.493289641172215632e-01,nan
1.975751503006011944e+03,nan,nan,4.493289641172215632e-01,nan
1.977955911823647284e+03,nan,nan,4.493289641172215632e-01,nan
1.980160320641282624e+03,nan,nan,4.493289641172215632e-01,nan
1.982364729458917736e+03,nan,nan,4.493289641172215632e-01,nan
1.984569138276553076e+03,nan,nan,4.493289641172215632e-01,nan
1.986773547094188416e+03,nan,nan,4.493289641172215632e-01,nan
1.988977955911823528e+03,nan,nan,4.493289641172215632e-01,nan
1.991182364729458868e+03,nan,nan,4.493289641172215632e-01,nan
1.993386773547094208e+03,nan,nan,4.493289641172215632e-01,nan
1.995591182364729548e+03,nan,nan,4.493289641172215632e-01,nan
1.997795591182364660e+03,nan,nan,4.493289641172215632e-01,nan
2.000000000000000000e+03,nan,nan,4.493289641172215632e-01,nan
