detuning_THz,data,std_pred,cat_pred
-10.106838288,9.738926876e-04,1.001832502e+00,1.002666513e+00
-10.075214766,-4.408029715e-04,1.003900155e+00,1.004444156e+00
-10.043580845,3.828596752e-04,1.005680004e+00,1.005934139e+00
-10.011936518,1.150584411e-03,1.007169823e+00,1.007134705e+00
-9.980281781,-2.049579623e-04,1.008367842e+00,1.008044549e+00
-9.948616631,8.361549466e-04,1.009272751e+00,1.008662824e+00
-9.916941061,1.330951017e-03,1.009883702e+00,1.008989144e+00
-9.885255067,-1.765337222e-04,1.010200315e+00,1.009023583e+00
-9.853558646,5.630875996e-04,1.010222680e+00,1.008766683e+00
-9.821851791,3.169122698e-04,1.009951360e+00,1.008219451e+00
-9.790134498,1.346261568e-03,1.009387390e+00,1.007383361e+00
-9.758406764,8.577096004e-04,1.008532280e+00,1.006260353e+00
-9.726668582,6.543687860e-04,1.007388012e+00,1.004852834e+00
-9.694919948,2.698043446e-04,1.005957042e+00,1.003163675e+00
-9.663160859,1.386914782e-03,1.004242297e+00,1.001196208e+00
-9.631391308,4.700433807e-04,1.002247171e+00,9.989542225e-01
-9.599611291,6.513462531e-04,9.999755255e-01,9.964419632e-01
-9.567820804,1.892728915e-04,9.974316795e-01,9.936641242e-01
-9.536019842,1.793974567e-04,9.946204097e-01,9.906258435e-01
-9.504208400,9.612215108e-05,9.915469426e-01,9.873326965e-01
-9.472386473,-2.433190797e-04,9.882169485e-01,9.837906895e-01
-9.440554057,9.058315480e-04,9.846365337e-01,9.800062516e-01
-9.408711148,1.654327780e-03,9.808122336e-01,9.759862261e-01
-9.376857739,3.143150844e-03,9.767510027e-01,9.717378614e-01
-9.344993828,2.067201834e-04,9.724602063e-01,9.672688013e-01
-9.313119408,4.295405517e-04,9.679476094e-01,9.625870737e-01
-9.281234475,1.741862656e-03,9.632213664e-01,9.577010802e-01
-9.249339025,-2.113524409e-04,9.582900091e-01,9.526195830e-01
-9.217433053,1.392614201e-03,9.531624346e-01,9.473516934e-01
-9.185516554,7.115732460e-04,9.478478924e-01,9.419068575e-01
-9.153589523,8.367904486e-04,9.423559705e-01,9.362948429e-01
-9.121651956,1.276000299e-03,9.366965816e-01,9.305257240e-01
-9.089703848,3.906039420e-04,9.308799479e-01,9.246098668e-01
-9.057745193,-5.707975110e-04,9.249165856e-01,9.185579134e-01
-9.025775989,1.481875615e-03,9.188172892e-01,9.123807658e-01
-8.993796228,1.051812744e-03,9.125931147e-01,9.060895691e-01
-8.961805908,4.905923328e-04,9.062553629e-01,8.996956943e-01
-8.929805023,1.225196990e-03,8.998155610e-01,8.932107207e-01
-8.897793569,1.086930852e-03,8.932854456e-01,8.866464180e-01
-8.865771540,6.947473880e-04,8.866769434e-01,8.800147272e-01
-8.833738932,4.072098262e-04,8.800021529e-01,8.733277425e-01
-8.801695740,-6.235491941e-05,8.732733245e-01,8.665976915e-01
-8.769641959,1.033224625e-03,8.665028416e-01,8.598369159e-01
-8.737577585,1.040720130e-03,8.597032000e-01,8.530578517e-01
-8.705502613,1.836692966e-03,8.528869881e-01,8.462730089e-01
-8.673417038,1.538589895e-03,8.460668661e-01,8.394949511e-01
-8.641320856,2.347441547e-03,8.392555454e-01,8.327362757e-01
-8.609214061,2.768627158e-03,8.324657679e-01,8.260095921e-01
-8.577096649,-3.727346336e-04,8.257102845e-01,8.193275019e-01
-8.544968614,8.251442217e-04,8.190018342e-01,8.127025774e-01
-8.512829953,1.038962809e-03,8.123531227e-01,8.061473409e-01
-8.480680661,7.825764803e-04,8.057768012e-01,7.996742437e-01
-8.448520732,5.948084238e-05,7.992854449e-01,7.932956450e-01
-8.416350161,5.993121837e-04,7.928915317e-01,7.870237912e-01
-8.384168945,1.609536934e-03,7.866074208e-01,7.808707948e-01
-8.351977079,8.361437769e-04,7.804453319e-01,7.748486140e-01
-8.319774556,1.477743130e-03,7.744173236e-01,7.689690318e-01
-8.287561373,7.087540804e-04,7.685352732e-01,7.632436360e-01
-8.255337525,1.240642658e-03,7.628108550e-01,7.576837985e-01
-8.223103007,1.244868965e-03,7.572555210e-01,7.523006561e-01
-8.190857815,4.751378528e-04,7.518804799e-01,7.471050903e-01
-8.158601943,1.972946590e-04,7.466966773e-01,7.421077083e-01
-8.126335386,1.281818957e-03,7.417147767e-01,7.373188243e-01
-8.094058140,3.626039184e-04,7.369451397e-01,7.327484405e-01
-8.061770200,5.509047081e-04,7.323978077e-01,7.284062294e-01
-8.029471561,1.059117310e-03,7.280824834e-01,7.243015161e-01
-7.997162218,2.451054059e-03,7.240085129e-01,7.204432611e-01
-7.964842167,1.569911963e-03,7.201848688e-01,7.168400438e-01
-7.932511403,1.813260513e-04,7.166201331e-01,7.135000466e-01
-7.900169920,9.049642024e-04,7.133224811e-01,7.104310390e-01
-7.867817714,1.727035493e-03,7.102996659e-01,7.076403634e-01
-7.835454780,1.627592312e-03,7.075590034e-01,7.051349204e-01
-7.803081114,1.691654885e-03,7.051073582e-01,7.029211556e-01
-7.770696710,1.291073404e-03,7.029511299e-01,7.010050468e-01
-7.738301563,1.844908488e-03,7.010962404e-01,6.993920919e-01
-7.705895670,1.802326885e-03,6.995481215e-01,6.980872974e-01
-7.673479024,3.944047290e-04,6.983117042e-01,6.970951681e-01
-7.641051620,4.023192436e-04,6.973914076e-01,6.964196973e-01
-7.608613456,7.014255614e-04,6.967911296e-01,6.960643578e-01
-7.576164524,2.106050625e-03,6.965142377e-01,6.960320940e-01
-7.543704821,5.821286012e-04,6.965635614e-01,6.963253145e-01
-7.511234341,8.441351518e-04,6.969413851e-01,6.969458858e-01
-7.478753080,1.856834241e-03,6.976494413e-01,6.978951269e-01
-7.446261032,7.870757201e-04,6.986889061e-01,6.991738047e-01
-7.413758193,1.467698815e-03,7.000603944e-01,7.007821302e-01
-7.381244559,-4.911941016e-04,7.017639566e-01,7.027197562e-01
-7.348720123,7.738764651e-04,7.037990761e-01,7.049857753e-01
-7.316184882,1.521029839e-03,7.061646676e-01,7.075787189e-01
-7.283638830,2.505458208e-03,7.088590770e-01,7.104965576e-01
-7.251081962,-5.219884913e-05,7.118800816e-01,7.137367022e-01
-7.218514274,2.108670088e-03,7.152248914e-01,7.172960057e-01
-7.185935761,2.054004346e-03,7.188901516e-01,7.211707664e-01
-7.153346417,2.815084804e-03,7.228719460e-01,7.253567319e-01
-7.120746238,2.372200037e-03,7.271658015e-01,7.298491040e-01
-7.088135219,1.633238126e-03,7.317666931e-01,7.346425443e-01
-7.055513354,8.559143864e-04,7.366690506e-01,7.397311816e-01
-7.022880640,2.721314795e-03,7.418667655e-01,7.451086194e-01
-6.990237071,1.344459406e-03,7.473531997e-01,7.507679446e-01
-6.957582642,1.844248669e-03,7.531211945e-01,7.567017373e-01
-6.924917349,1.708537232e-03,7.591630804e-01,7.629020812e-01
-6.892241186,1.367501432e-03,7.654706889e-01,7.693605753e-01
-6.859554148,3.016490058e-03,7.720353641e-01,7.760683463e-01
-6.826856231,1.085262666e-03,7.788479754e-01,7.830160614e-01
-6.794147429,1.269695039e-03,7.858989318e-01,7.901939429e-01
-6.761427738,1.478251191e-03,7.931781961e-01,7.975917831e-01
-6.728697152,8.245433383e-04,8.006753006e-01,8.051989597e-01
-6.695955668,2.075024834e-03,8.083793636e-01,8.130044526e-01
-6.663203279,2.208881739e-03,8.162791061e-01,8.209968611e-01
-6.630439980,2.985660292e-03,8.243628698e-01,8.291644221e-01
-6.597665768,1.564057258e-03,8.326186362e-01,8.374950287e-01
-6.564880637,1.304552462e-03,8.410340453e-01,8.459762495e-01
-6.532084581,2.083925910e-03,8.495964158e-01,8.545953491e-01
-6.499277597,1.495225111e-03,8.582927661e-01,8.633393084e-01
-6.466459678,2.548045641e-03,8.671098353e-01,8.721948460e-01
-6.433630821,2.080444007e-03,8.760341051e-01,8.811484402e-01
-6.400791019,2.210299708e-03,8.850518224e-01,8.901863514e-01
-6.367940269,2.631261686e-03,8.941490220e-01,8.992946444e-01
-6.335078565,2.393491068e-03,9.033115503e-01,9.084592126e-01
-6.302205902,1.946778097e-03,9.125250890e-01,9.176658009e-01
-6.269322275,2.686791236e-03,9.217751795e-01,9.269000302e-01
-6.236427679,2.667255031e-03,9.310472474e-01,9.361474215e-01
-6.203522110,1.092243609e-03,9.403266274e-01,9.453934209e-01
-6.170605561,2.124377015e-03,9.495985886e-01,9.546234245e-01
-6.137678029,2.594157276e-03,9.588483600e-01,9.638228031e-01
-6.104739508,1.628161298e-03,9.680611562e-01,9.729769280e-01
-6.071789993,1.527006405e-03,9.772222026e-01,9.820711961e-01
-6.038829479,3.926853556e-03,9.863167623e-01,9.910910554e-01
-6.005857961,3.483398610e-03,9.953301609e-01,1.000022031e+00
-5.972875435,1.716261071e-03,1.004247813e+00,1.008849749e+00
-5.939881894,2.680684052e-03,1.013055249e+00,1.017559964e+00
-5.906877335,3.069951566e-03,1.021738139e+00,1.026138584e+00
-5.873861751,3.284410845e-03,1.030282319e+00,1.034571694e+00
-5.840835139,2.809070070e-03,1.038673817e+00,1.042845581e+00
-5.807797493,3.049636698e-03,1.046898880e+00,1.050946762e+00
-5.774748808,3.473848635e-03,1.054943995e+00,1.058862005e+00
-5.741689078,2.375142290e-03,1.062795916e+00,1.066578353e+00
-5.708618300,2.530437044e-03,1.070441689e+00,1.074083151e+00
-5.675536468,2.661852319e-03,1.077868675e+00,1.081364065e+00
-5.642443576,2.672633155e-03,1.085064572e+00,1.088409109e+00
-5.609339620,2.316443996e-03,1.092017441e+00,1.095206664e+00
-5.576224595,2.976254139e-03,1.098715725e+00,1.101745501e+00
-5.543098496,3.348248826e-03,1.105148276e+00,1.108014803e+00
-5.509961317,3.264344441e-03,1.111304370e+00,1.114004185e+00
-5.476813054,2.796296501e-03,1.117173732e+00,1.119703711e+00
-5.443653701,3.115534160e-03,1.122746553e+00,1.125103919e+00
-5.410483254,2.360161858e-03,1.128013511e+00,1.130195834e+00
-5.377301707,2.937742224e-03,1.132965789e+00,1.134970990e+00
-5.344109055,4.267905590e-03,1.137595093e+00,1.139421441e+00
-5.310905294,4.074237960e-03,1.141893667e+00,1.143539784e+00
-5.277690418,4.596833781e-03,1.145854309e+00,1.147319169e+00
-5.244464422,2.846937312e-03,1.149470388e+00,1.150753315e+00
-5.211227301,3.679426179e-03,1.152735854e+00,1.153836522e+00
-5.177979049,3.553939940e-03,1.155645257e+00,1.156563685e+00
-5.144719663,3.215645853e-03,1.158193752e+00,1.158930304e+00
-5.111449136,2.964511457e-03,1.160377114e+00,1.160932495e+00
-5.078167464,4.037404511e-03,1.162191746e+00,1.162566998e+00
-5.044874642,3.440806442e-03,1.163634691e+00,1.163831185e+00
-5.011570664,5.079526563e-03,1.164703633e+00,1.164723068e+00
-4.978255525,3.935794959e-03,1.165396911e+00,1.165241305e+00
-4.944929221,3.164662112e-03,1.165713520e+00,1.165385204e+00
-4.911591745,2.372151180e-03,1.165653114e+00,1.165154726e+00
-4.878243094,3.879740278e-03,1.165216014e+00,1.164550489e+00
-4.844883261,3.718789912e-03,1.164403204e+00,1.163573767e+00
-4.811512243,3.577528052e-03,1.163216337e+00,1.162226492e+00
-4.778130033,3.806345546e-03,1.161657730e+00,1.160511253e+00
-4.744736626,4.344654360e-03,1.159730364e+00,1.158431292e+00
-4.711332018,4.006906657e-03,1.157437882e+00,1.155990503e+00
-4.677916203,3.601415225e-03,1.154784584e+00,1.153193424e+00
-4.644489176,4.346820165e-03,1.151775419e+00,1.150045234e+00
-4.611050932,3.524258857e-03,1.148415984e+00,1.146551746e+00
-4.577601466,3.302390099e-03,1.144712510e+00,1.142719396e+00
-4.544140773,2.326185862e-03,1.140671859e+00,1.138555237e+00
-4.510668847,3.322262316e-03,1.136301508e+00,1.134066926e+00
-4.477185683,2.892109121e-03,1.131609543e+00,1.129262715e+00
-4.443691277,3.543295303e-03,1.126604641e+00,1.124151434e+00
-4.410185623,3.415147009e-03,1.121296062e+00,1.118742484e+00
-4.376668716,3.130727942e-03,1.115693631e+00,1.113045813e+00
-4.343140550,3.430964478e-03,1.109807722e+00,1.107071909e+00
-4.309601121,3.201728822e-03,1.103649242e+00,1.100831778e+00
-4.276050424,3.253803152e-03,1.097229614e+00,1.094336925e+00
-4.242488452,3.532690717e-03,1.090560755e+00,1.087599338e+00
-4.208915202,3.536421504e-03,1.083655062e+00,1.080631469e+00
-4.175330668,3.286094804e-03,1.076525383e+00,1.073446207e+00
-4.141734844,2.495414849e-03,1.069185002e+00,1.066056864e+00
-4.108127726,2.624353497e-03,1.061647613e+00,1.058477147e+00
-4.074509308,2.046763556e-03,1.053927298e+00,1.050721136e+00
-4.040879585,3.230318089e-03,1.046038500e+00,1.042803260e+00
-4.007238553,2.739533999e-03,1.037996002e+00,1.034738273e+00
-3.973586205,2.017860477e-03,1.029814899e+00,1.026541227e+00
-3.939922536,1.913938321e-03,1.021510570e+00,1.018227446e+00
-3.906247542,2.274747388e-03,1.013098653e+00,1.009812499e+00
-3.872561217,2.718555074e-03,1.004595018e+00,1.001312173e+00
-3.838863556,1.910522306e-03,9.960157364e-01,9.927424462e-01
-3.805154553,1.584667390e-03,9.873770536e-01,9.841194557e-01
-3.771434204,2.350169162e-03,9.786953597e-01,9.754594731e-01
-3.737702504,1.708655906e-03,9.699871600e-01,9.667788731e-01
-3.703959446,2.852987411e-03,9.612690449e-01,9.580941040e-01
-3.670205026,1.792767485e-03,9.525576601e-01,9.494216588e-01
-3.636439239,2.061578646e-03,9.438696758e-01,9.407780445e-01
-3.602662079,2.401646480e-03,9.352217566e-01,9.321797523e-01
-3.568873541,2.961967995e-03,9.266305304e-01,9.236432277e-01
-3.535073620,1.251668306e-03,9.181125582e-01,9.151848398e-01
-3.501262311,2.529056315e-03,9.096843029e-01,9.068208514e-01
-3.467439608,2.092705917e-03,9.013620991e-01,8.985673889e-01
-3.433605506,2.308810441e-03,8.931621222e-01,8.904404122e-01
-3.399760000,1.322216444e-03,8.851003585e-01,8.824556848e-01
-3.365903084,2.518546146e-03,8.771925745e-01,8.746287446e-01
-3.332034754,1.469157342e-03,8.694542877e-01,8.669748745e-01
-3.298155004,2.226437999e-03,8.619007365e-01,8.595090734e-01
-3.264263829,2.592387725e-03,8.545468517e-01,8.522460276e-01
-3.230361224,2.744472781e-03,8.474072275e-01,8.452000834e-01
-3.196447182,2.509331389e-03,8.404960935e-01,8.383852188e-01
-3.162521700,3.952323808e-03,8.338272874e-01,8.318150171e-01
-3.128584772,2.965818937e-03,8.274142276e-01,8.255026406e-01
-3.094636391,3.659851690e-03,8.212698874e-01,8.194608048e-01
-3.060676555,3.546285036e-03,8.154067693e-01,8.137017536e-01
-3.026705256,3.169511448e-03,8.098368804e-01,8.082372350e-01
-2.992722489,3.450129312e-03,8.045717083e-01,8.030784782e-01
-2.958728250,3.958553238e-03,7.996221984e-01,7.982361712e-01
-2.924722533,4.500240135e-03,7.949987316e-01,7.937204387e-01
-2.890705332,4.390571672e-03,7.907111031e-01,7.895408223e-01
-2.856676643,5.047607031e-03,7.867685025e-01,7.857062608e-01
-2.822636460,5.012333168e-03,7.831794949e-01,7.822250713e-01
-2.788584778,4.520374080e-03,7.799520024e-01,7.791049326e-01
-2.754521591,4.657182063e-03,7.770932881e-01,7.763528683e-01
-2.720446894,4.571212920e-03,7.746099397e-01,7.739752320e-01
-2.686360682,5.287655029e-03,7.725078556e-01,7.719776935e-01
-2.652262950,4.447214146e-03,7.707922315e-01,7.703652259e-01
-2.618153692,5.917865759e-03,7.694675485e-01,7.691420943e-01
-2.584032902,7.482340508e-03,7.685375628e-01,7.683118459e-01
-2.549900576,7.193029248e-03,7.680052960e-01,7.678773007e-01
-2.515756709,7.687404467e-03,7.678730275e-01,7.678405446e-01
-2.481601294,7.569767057e-03,7.681422876e-01,7.682029225e-01
-2.447434326,8.483839826e-03,7.688138528e-01,7.689650346e-01
-2.413255801,9.800886873e-03,7.698877418e-01,7.701267318e-01
-2.379065712,1.032729934e-02,7.713632131e-01,7.716871148e-01
-2.344864055,8.104989673e-03,7.732387643e-01,7.736445326e-01
-2.310650824,8.812945661e-03,7.755121323e-01,7.759965840e-01
-2.276426014,1.048687802e-02,7.781802957e-01,7.787401196e-01
-2.242189619,1.032449863e-02,7.812394779e-01,7.818712452e-01
-2.207941634,1.095915679e-02,7.846851521e-01,7.853853272e-01
-2.173682053,1.121781124e-02,7.885120475e-01,7.892769992e-01
-2.139410872,1.195206854e-02,7.927141573e-01,7.935401694e-01
-2.105128085,1.355374130e-02,7.972847474e-01,7.981680302e-01
-2.070833686,1.359585658e-02,8.022163677e-01,8.031530690e-01
-2.036527670,1.435137115e-02,8.075008631e-01,8.084870799e-01
-2.002210032,1.549877116e-02,8.131293880e-01,8.141611777e-01
-1.967880766,1.540882712e-02,8.190924201e-01,8.201658116e-01
-1.933539867,1.575156633e-02,8.253797770e-01,8.264907826e-01
-1.899187330,1.747200111e-02,8.319806333e-01,8.331252596e-01
-1.864823149,1.769073392e-02,8.388835396e-01,8.400577988e-01
-1.830447318,1.885264194e-02,8.460764422e-01,8.472763632e-01
-1.796059833,1.790150679e-02,8.535467043e-01,8.547683438e-01
-1.761660688,1.863104515e-02,8.612811285e-01,8.625205816e-01
-1.727249877,2.031540541e-02,8.692659802e-01,8.705193910e-01
-1.692827395,1.996967723e-02,8.774870122e-01,8.787505842e-01
-1.658393237,1.989217308e-02,8.859294904e-01,8.871994969e-01
-1.623947397,2.292806289e-02,8.945782206e-01,8.958510141e-01
-1.589489870,2.403186316e-02,9.034175763e-01,9.046895982e-01
-1.555020651,2.604704369e-02,9.124315270e-01,9.136993169e-01
-1.520539733,2.374798097e-02,9.216036679e-01,9.228638724e-01
-1.486047112,2.722610364e-02,9.309172503e-01,9.321666314e-01
-1.451542782,2.803607082e-02,9.403552124e-01,9.415906559e-01
-1.417026737,2.979350985e-02,9.499002115e-01,9.511187343e-01
-1.382498973,3.081254597e-02,9.595346561e-01,9.607334136e-01
-1.347959483,3.402835539e-02,9.692407391e-01,9.704170321e-01
-1.313408263,3.361884020e-02,9.790004714e-01,9.801517522e-01
-1.278845306,3.707098822e-02,9.887957157e-01,9.899195942e-01
-1.244270608,3.687049678e-02,9.986082214e-01,9.997024703e-01
-1.209684163,3.680878198e-02,1.008419659e+00,1.009482218e+00
-1.175085965,4.256383743e-02,1.018211655e+00,1.019240637e+00
-1.140476009,4.382615233e-02,1.027965827e+00,1.028959521e+00
-1.105854290,4.444886308e-02,1.037663822e+00,1.038620693e+00
-1.071220801,4.597063205e-02,1.047287345e+00,1.048206042e+00
-1.036575538,5.083665439e-02,1.056818202e+00,1.057697558e+00
-1.001918495,5.582519750e-02,1.066238332e+00,1.067077363e+00
-0.967249667,5.512383982e-02,1.075529842e+00,1.076327752e+00
-0.932569048,6.118820764e-02,1.084675040e+00,1.085431220e+00
-0.897876632,6.871014809e-02,1.093656477e+00,1.094370502e+00
-0.863172414,7.380919675e-02,1.102456971e+00,1.103128605e+00
-0.828456389,8.480892488e-02,1.111059652e+00,1.111688840e+00
-0.793728551,9.326463227e-02,1.119447986e+00,1.120034858e+00
-0.758988895,1.107870286e-01,1.127605814e+00,1.128150680e+00
-0.724237414,1.292122192e-01,1.135517381e+00,1.136020727e+00
-0.689474105,1.605221691e-01,1.143167371e+00,1.143629858e+00
-0.654698960,1.906464462e-01,1.150540933e+00,1.150963391e+00
-0.619911974,2.295734086e-01,1.157623717e+00,1.158007141e+00
-0.585113143,2.712185443e-01,1.164401898e+00,1.164747444e+00
-0.550302460,3.407391836e-01,1.170862207e+00,1.171171184e+00
-0.515479920,4.177202666e-01,1.176991958e+00,1.177265824e+00
-0.480645517,4.897218308e-01,1.182779073e+00,1.183019428e+00
-0.445799246,5.442091613e-01,1.188212109e+00,1.188420689e+00
-0.410941102,6.116858589e-01,1.193280279e+00,1.193458948e+00
-0.376071078,6.578529625e-01,1.197973480e+00,1.198124221e+00
-0.341189169,6.817687328e-01,1.202282307e+00,1.202407216e+00
-0.306295370,6.874277766e-01,1.206198080e+00,1.206299356e+00
-0.271389675,7.511667014e-01,1.209712858e+00,1.209792795e+00
-0.236472079,8.449880661e-01,1.212819461e+00,1.212880439e+00
-0.201542575,8.589115603e-01,1.215511482e+00,1.215555956e+00
-0.166601159,9.141514109e-01,1.217783300e+00,1.217813794e+00
-0.131647825,9.263838350e-01,1.219630100e+00,1.219649193e+00
-0.096682567,9.444775276e-01,1.221047877e+00,1.221058197e+00
-0.061705380,9.133779518e-01,1.222033452e+00,1.222037661e+00
-0.026716257,9.798539029e-01,1.222584473e+00,1.222585262e+00
0.008284805,9.552119895e-01,1.222699428e+00,1.222699504e+00
0.043297814,9.396274054e-01,1.222377650e+00,1.222379724e+00
0.078322774,9.391995597e-01,1.221619314e+00,1.221626092e+00
0.113359692,9.627968020e-01,1.220425445e+00,1.220439619e+00
0.148408573,9.699511267e-01,1.218797915e+00,1.218822150e+00
0.183469421,9.906215000e-01,1.216739443e+00,1.216776366e+00
0.218542244,9.502307637e-01,1.214253589e+00,1.214305783e+00
0.253627047,9.593023957e-01,1.211344751e+00,1.211414740e+00
0.288723835,9.352147305e-01,1.208018159e+00,1.208108400e+00
0.323832614,9.399881097e-01,1.204279865e+00,1.204392737e+00
0.358953389,9.960904704e-01,1.200136731e+00,1.200274526e+00
0.394086167,9.196322375e-01,1.195596423e+00,1.195761337e+00
0.429230952,9.097022696e-01,1.190667390e+00,1.190861513e+00
0.464387751,8.791356823e-01,1.185358858e+00,1.185584163e+00
0.499556568,8.922106681e-01,1.179680803e+00,1.179939143e+00
0.534737411,8.692393602e-01,1.173643944e+00,1.173937036e+00
0.569930283,7.558842182e-01,1.167259714e+00,1.167589138e+00
0.605135192,6.879290105e-01,1.160540242e+00,1.160907430e+00
0.640352142,6.289521432e-01,1.153498335e+00,1.153904563e+00
0.675581139,5.956040885e-01,1.146147446e+00,1.146593831e+00
0.710822189,5.257446247e-01,1.138501654e+00,1.138989143e+00
0.746075298,4.401019573e-01,1.130575635e+00,1.131105005e+00
0.781340471,3.640855633e-01,1.122384637e+00,1.122956484e+00
0.816617714,3.204663910e-01,1.113944446e+00,1.114559184e+00
0.851907032,2.704877392e-01,1.105271359e+00,1.105929214e+00
0.887208432,2.202180903e-01,1.096382151e+00,1.097083160e+00
0.922521918,1.860543983e-01,1.087294044e+00,1.088038049e+00
0.957847497,1.585768850e-01,1.078024672e+00,1.078811319e+00
0.993185174,1.356548410e-01,1.068592046e+00,1.069420785e+00
1.028534956,1.189229389e-01,1.059014522e+00,1.059884601e+00
1.063896846,1.138325254e-01,1.049310759e+00,1.050221229e+00
1.099270852,1.069767367e-01,1.039499687e+00,1.040449400e+00
1.134656979,7.953709964e-02,1.029600471e+00,1.030588076e+00
1.170055233,6.649992798e-02,1.019632464e+00,1.020656419e+00
1.205465619,5.929406040e-02,1.009615180e+00,1.010673742e+00
1.240888144,5.141594806e-02,9.995682451e-01,1.000659483e+00
1.276322812,4.284319174e-02,9.895113650e-01,9.906331548e-01
1.311769629,3.533422850e-02,9.794642816e-01,9.806143158e-01
1.347228602,3.000507636e-02,9.694467346e-01,9.706225242e-01
1.382699736,2.714652301e-02,9.594784213e-01,9.606773017e-01
1.418183036,2.343731771e-02,9.495789567e-01,9.507980931e-01
1.453678509,2.000193001e-02,9.397678337e-01,9.410042277e-01
1.489186160,1.645133360e-02,9.300643830e-01,9.313148797e-01
1.524705995,1.583877025e-02,9.204877343e-01,9.217490295e-01
1.560238020,1.549560468e-02,9.110567765e-01,9.123254249e-01
1.595782240,1.225533498e-02,9.017901189e-01,9.030625429e-01
1.631338661,9.864166156e-03,8.927060534e-01,8.939785519e-01
1.666907289,1.064045170e-02,8.838225160e-01,8.850912744e-01
1.702488129,7.048969651e-03,8.751570501e-01,8.764181501e-01
1.738081188,5.141101893e-03,8.667267698e-01,8.679762001e-01
1.773686471,4.913896605e-03,8.585483244e-01,8.597819917e-01
1.809303984,4.798275385e-03,8.506378634e-01,8.518516038e-01
1.844933733,5.489597686e-03,8.430110027e-01,8.442005932e-01
1.880575723,4.166233508e-03,8.356827917e-01,8.368439626e-01
1.916229960,4.207435482e-03,8.286676814e-01,8.297961286e-01
1.951896450,3.500186662e-03,8.219794939e-01,8.230708916e-01
1.987575199,3.932373184e-03,8.156313929e-01,8.166814063e-01
2.023266213,2.696696042e-03,8.096358554e-01,8.106401541e-01
2.058969497,3.231731718e-03,8.040046452e-01,8.049589163e-01
2.094685057,3.400771528e-03,7.987487869e-01,7.996487486e-01
2.130412899,2.902690890e-03,7.938785427e-01,7.947199577e-01
2.166153029,4.105429371e-03,7.894033893e-01,7.901820783e-01
2.201905452,3.876763626e-03,7.853319972e-01,7.860438530e-01
2.237670174,3.343164643e-03,7.816722117e-01,7.823132122e-01
2.273447202,3.510329910e-03,7.784310348e-01,7.789972570e-01
2.309236541,3.372603001e-03,7.756146098e-01,7.761022431e-01
2.345038196,3.092871693e-03,7.732282067e-01,7.736335662e-01
2.380852174,2.231261866e-03,7.712762100e-01,7.715957497e-01
2.416678481,3.756177028e-03,7.697621079e-01,7.699924340e-01
2.452517122,4.346878912e-03,7.686884841e-01,7.688263672e-01
2.488368102,2.741268770e-03,7.680570100e-01,7.680993979e-01
2.524231429,3.630385245e-03,7.678684404e-01,7.678124701e-01
2.560107108,3.129577812e-03,7.681226100e-01,7.679656195e-01
2.595995144,2.976641252e-03,7.688184324e-01,7.685579722e-01
2.631895544,3.729954937e-03,7.699539004e-01,7.695877442e-01
2.667808313,4.416283777e-03,7.715260891e-01,7.710522444e-01
2.703733457,3.205330213e-03,7.735311599e-01,7.729478781e-01
2.739670982,2.625543716e-03,7.759643675e-01,7.752701529e-01
2.775620894,3.242108656e-03,7.788200674e-01,7.780136869e-01
2.811583199,4.255967676e-03,7.820917273e-01,7.811722176e-01
2.847557902,3.081705020e-03,7.857719380e-01,7.847386142e-01
2.883545010,2.440113768e-03,7.898524283e-01,7.887048904e-01
2.919544528,2.937565585e-03,7.943240804e-01,7.930622195e-01
2.955556463,3.949927269e-03,7.991769473e-01,7.978009516e-01
2.991580820,2.673809276e-03,8.044002728e-01,8.029106323e-01
3.027617604,2.468993420e-03,8.099825122e-01,8.083800226e-01
3.063666823,4.229023738e-03,8.159113553e-01,8.141971215e-01
3.099728482,2.943783564e-03,8.221737507e-01,8.203491893e-01
3.135802586,2.440235615e-03,8.287559323e-01,8.268227733e-01
3.171889142,3.758810062e-03,8.356434465e-01,8.336037344e-01
3.207988155,3.747542646e-03,8.428211817e-01,8.406772752e-01
3.244099632,3.485785072e-03,8.502733991e-01,8.480279705e-01
3.280223578,2.141377580e-03,8.579837641e-01,8.556397976e-01
3.316359999,2.842583618e-03,8.659353804e-01,8.634961696e-01
3.352508902,1.665366035e-03,8.741108238e-01,8.715799684e-01
3.388670291,2.524141959e-03,8.824921789e-01,8.798735803e-01
3.424844174,2.863610133e-03,8.910610753e-01,8.883589314e-01
3.461030556,2.541884318e-03,8.997987257e-01,8.970175253e-01
3.497229442,2.913524309e-03,9.086859653e-01,9.058304806e-01
3.533440840,2.007475732e-03,9.177032908e-01,9.147785705e-01
3.569664754,2.442038803e-03,9.268309017e-01,9.238422617e-01
3.605901191,2.229673907e-03,9.360487413e-01,9.330017558e-01
3.642150157,2.555126012e-03,9.453365386e-01,9.422370297e-01
3.678411657,2.494619261e-03,9.546738511e-01,9.515278777e-01
3.714685698,2.657694167e-03,9.640401073e-01,9.608539537e-01
3.750972286,3.530528669e-03,9.734146505e-01,9.701948135e-01
3.787271426,2.565384698e-03,9.827767819e-01,9.795299577e-01
3.823583124,2.669410091e-03,9.921058049e-01,9.888388750e-01
3.859907388,2.458222461e-03,1.001381068e+00,9.981010851e-01
3.896244221,2.352078761e-03,1.010582011e+00,1.007296182e+00
3.932593631,3.206692552e-03,1.019688205e+00,1.016403877e+00
3.968955623,2.812213950e-03,1.028679398e+00,1.025404043e+00
4.005330204,3.301430834e-03,1.037535561e+00,1.034276753e+00
4.041717380,2.941128303e-03,1.046236925e+00,1.043002329e+00
4.078117155,3.099159163e-03,1.054764027e+00,1.051561377e+00
4.114529537,2.198766583e-03,1.063097752e+00,1.059934836e+00
4.150954532,1.260214512e-03,1.071219373e+00,1.068104010e+00
4.187392145,2.789902246e-03,1.079110593e+00,1.076050616e+00
4.223842382,3.030219193e-03,1.086753581e+00,1.083756817e+00
4.260305250,1.753112301e-03,1.094131015e+00,1.091205267e+00
4.296780754,2.144600718e-03,1.101226116e+00,1.098379142e+00
4.333268901,1.841141490e-03,1.108022690e+00,1.105262179e+00
4.369769696,2.834530454e-03,1.114505154e+00,1.111838714e+00
4.406283146,2.516230311e-03,1.120658581e+00,1.118093710e+00
4.442809256,2.110542991e-03,1.126468723e+00,1.124012796e+00
4.479348033,1.677720157e-03,1.131922050e+00,1.129582294e+00
4.515899483,5.759545433e-04,1.137005776e+00,1.134789252e+00
4.552463611,1.148524238e-03,1.141707886e+00,1.139621469e+00
4.589040424,6.620796786e-04,1.146017168e+00,1.144067527e+00
4.625629928,1.422279210e-03,1.149923232e+00,1.148116811e+00
4.662232129,8.389315457e-04,1.153416536e+00,1.151759534e+00
4.698847033,1.155047849e-03,1.156488411e+00,1.154986764e+00
4.735474646,5.938433157e-04,1.159131073e+00,1.157790435e+00
4.772114974,1.894836424e-03,1.161337647e+00,1.160163374e+00
4.808768023,6.995809645e-04,1.163102180e+00,1.162099310e+00
4.845433799,2.212498777e-03,1.164419656e+00,1.163592896e+00
4.882112309,6.733803069e-04,1.165286009e+00,1.164639713e+00
4.918803558,2.144364505e-04,1.165698128e+00,1.165236289e+00
4.955507552,1.001535204e-04,1.165653871e+00,1.165380099e+00
4.992224298,7.385114159e-05,1.165152066e+00,1.165069581e+00
5.028953802,7.520798930e-04,1.164192517e+00,1.164304130e+00
5.065696069,1.517647837e-03,1.162776004e+00,1.163084108e+00
5.102451106,5.928043321e-04,1.160904284e+00,1.161410843e+00
5.139218920,1.944095460e-03,1.158580087e+00,1.159286624e+00
5.175999515,2.001691652e-04,1.155807110e+00,1.156714698e+00
5.212792898,-4.870737643e-04,1.152590012e+00,1.153699266e+00
5.249599076,1.027957357e-03,1.148934405e+00,1.150245474e+00
5.286418055,-1.015249344e-04,1.144846839e+00,1.146359401e+00
5.323249840,8.765306113e-04,1.140334794e+00,1.142048050e+00
5.360094437,1.295314830e-03,1.135406661e+00,1.137319330e+00
5.396951854,8.320645589e-04,1.130071725e+00,1.132182043e+00
5.433822095,3.502114343e-04,1.124340147e+00,1.126645863e+00
5.470705168,6.576462216e-04,1.118222940e+00,1.120721319e+00
5.507601078,1.131768797e-03,1.111731950e+00,1.114419769e+00
5.544509831,6.755924561e-04,1.104879825e+00,1.107753379e+00
5.581431434,3.061101813e-04,1.097679994e+00,1.100735097e+00
5.618365892,6.078252094e-04,1.090146634e+00,1.093378625e+00
5.655313213,5.186962640e-04,1.082294643e+00,1.085698388e+00
5.692273401,-1.419745130e-03,1.074139604e+00,1.077709507e+00
5.729246464,-7.105185908e-04,1.065697755e+00,1.069427763e+00
5.766232407,-7.968471506e-04,1.056985951e+00,1.060869566e+00
5.803231237,-4.422983973e-04,1.048021631e+00,1.052051917e+00
5.840242960,-1.244446524e-03,1.038822776e+00,1.042992374e+00
5.877267581,4.040987151e-04,1.029407874e+00,1.033709012e+00
5.914305108,3.738000155e-04,1.019795875e+00,1.024220386e+00
5.951355546,6.732030010e-04,1.010006155e+00,1.014545487e+00
5.988418902,-2.935316815e-04,1.000058469e+00,1.004703705e+00
6.025495181,5.347452305e-04,9.899729108e-01,9.947147856e-01
6.062584390,-4.403445260e-04,9.797698677e-01,9.845987845e-01
6.099686536,-2.688079544e-04,9.694699750e-01,9.743760265e-01
6.136801623,2.090034859e-04,9.590940720e-01,9.640670602e-01
6.173929660,2.252822885e-05,9.486631550e-01,9.536926127e-01
6.211070651,2.217268264e-04,9.381983315e-01,9.432735444e-01
6.248224603,-6.891609088e-04,9.277207733e-01,9.328308033e-01
6.285391523,-1.784098827e-03,9.172516699e-01,9.223853784e-01
6.322571416,6.422956286e-04,9.068121811e-01,9.119582544e-01
6.359764288,-1.617097115e-04,8.964233903e-01,9.015703643e-01
6.396970147,1.227543821e-04,8.861062578e-01,8.912425443e-01
6.434188998,-1.958282457e-04,8.758815738e-01,8.809954867e-01
6.471420848,1.062757392e-03,8.657699121e-01,8.708496949e-01
6.508665702,-1.165329283e-03,8.557915845e-01,8.608254374e-01
6.545923567,-1.268133244e-03,8.459665951e-01,8.509427032e-01
6.583194449,-1.378436235e-03,8.363145960e-01,8.412211571e-01
6.620478355,4.558482958e-04,8.268548425e-01,8.316800961e-01
6.657775291,-2.201568813e-05,8.176061508e-01,8.223384063e-01
6.695085263,7.933486616e-05,8.085868551e-01,8.132145210e-01
6.732408277,-1.438340434e-03,7.998147666e-01,8.043263790e-01
6.769744340,-5.882975661e-04,7.913071337e-01,7.956913853e-01
6.807093457,-2.910481764e-04,7.830806025e-01,7.873263714e-01
6.844455636,-6.526218130e-05,7.751511799e-01,7.792475577e-01
6.881830883,-2.528042942e-04,7.675341970e-01,7.714705177e-01
6.919219203,-6.376250193e-04,7.602442743e-01,7.640101420e-01
6.956620603,-9.295860908e-04,7.532952891e-01,7.568806056e-01
6.994035090,-7.979271794e-04,7.467003436e-01,7.500953356e-01
7.031462669,-4.962260568e-04,7.404717352e-01,7.436669809e-01
7.068903347,-7.622436445e-04,7.346209286e-01,7.376073837e-01
7.106357131,-4.830778463e-04,7.291585294e-01,7.319275527e-01
7.143824027,-2.222079629e-04,7.240942604e-01,7.266376380e-01
7.181304040,-4.213601759e-04,7.194369388e-01,7.217469080e-01
7.218797178,-1.912536668e-04,7.151944563e-01,7.172637287e-01
7.256303446,-5.452594950e-04,7.113737607e-01,7.131955440e-01
7.293822851,-4.342637414e-04,7.079808403e-01,7.095488594e-01
7.331355400,-7.317227627e-04,7.050207097e-01,7.063292263e-01
7.368901098,-1.497212650e-03,7.024973981e-01,7.035412297e-01
7.406459953,-7.009663517e-06,7.004139401e-01,7.011884777e-01
7.444031969,6.891464373e-04,6.987723685e-01,6.992735924e-01
7.481617155,-3.058505875e-05,6.975737092e-01,6.977982047e-01
7.519215515,-6.520820689e-04,6.968179789e-01,6.967629493e-01
7.556827057,-6.011558344e-04,6.965041843e-01,6.961674638e-01
7.594451787,-7.219610997e-04,6.966303247e-01,6.960103889e-01
7.632089712,-1.030733819e-04,6.971933959e-01,6.962893713e-01
7.669740836,-3.371589791e-04,6.981893969e-01,6.970010688e-01
7.707405168,-2.308140034e-04,6.996133388e-01,6.981411575e-01
7.745082713,2.537415205e-04,7.014592559e-01,6.997043416e-01
7.782773478,-5.695051459e-04,7.037202191e-01,7.016843651e-01
7.820477469,-1.217671027e-03,7.063883516e-01,7.040740258e-01
7.858194693,1.630228549e-04,7.094548469e-01,7.068651914e-01
7.895925155,-7.082472999e-04,7.129099882e-01,7.100488179e-01
7.933668863,-7.769538522e-04,7.167431708e-01,7.136149700e-01
7.971425823,-2.589202919e-03,7.209429266e-01,7.175528434e-01
8.009196041,-3.250508615e-04,7.254969495e-01,7.218507897e-01
8.046979523,3.899588526e-04,7.303921239e-01,7.264963421e-01
8.084776277,-9.768736357e-06,7.356145548e-01,7.314762444e-01
8.122586308,-4.212842444e-04,7.411495993e-01,7.367764808e-01
8.160409623,-7.594816915e-04,7.469819003e-01,7.423823078e-01
8.198246228,-1.092842446e-03,7.530954217e-01,7.482782880e-01
8.236096130,3.378068368e-05,7.594734853e-01,7.544483251e-01
8.273959335,-3.417547100e-04,7.660988088e-01,7.608757007e-01
8.311835850,-6.412367696e-04,7.729535461e-01,7.675431128e-01
8.349725681,6.346061063e-06,7.800193279e-01,7.744327149e-01
8.387628835,-2.217300841e-04,7.872773044e-01,7.815261575e-01
8.425545318,-8.605568535e-04,7.947081886e-01,7.888046294e-01
8.463475136,-8.632642635e-04,8.022923009e-01,7.962489017e-01
8.501418296,4.940812012e-05,8.100096142e-01,8.038393713e-01
8.539374805,-4.050738588e-04,8.178398011e-01,8.115561062e-01
8.577344668,-2.045723707e-04,8.257622799e-01,8.193788916e-01
8.615327894,-2.515821172e-04,8.337562631e-01,8.272872758e-01
8.653324487,9.829439559e-05,8.418008050e-01,8.352606180e-01
8.691334454,2.817264419e-04,8.498748507e-01,8.432781354e-01
8.729357802,-7.127439272e-04,8.579572846e-01,8.513189512e-01
8.767394538,-2.611772711e-04,8.660269798e-01,8.593621431e-01
8.805444667,1.049025869e-03,8.740628468e-01,8.673867913e-01
8.843508197,-5.562198900e-04,8.820438829e-01,8.753720269e-01
8.881585134,2.844395809e-04,8.899492209e-01,8.832970803e-01
8.919675485,1.845226379e-05,8.977581777e-01,8.911413290e-01
8.957779255,-5.895628617e-04,9.054503022e-01,8.988843457e-01
8.995896452,2.481872350e-04,9.130054236e-01,9.065059452e-01
9.034027081,-9.421908871e-05,9.204036978e-01,9.139862315e-01
9.072171151,-2.873846321e-04,9.276256539e-01,9.213056439e-01
9.110328666,-1.177312785e-04,9.346522400e-01,9.284450021e-01
9.148499634,-3.453515427e-04,9.414648669e-01,9.353855510e-01
9.186684061,-5.633502127e-05,9.480454522e-01,9.421090041e-01
9.224881954,-1.595651659e-03,9.543764623e-01,9.485975858e-01
9.263093319,-1.039392927e-03,9.604409532e-01,9.548340732e-01
9.301318163,-4.905393916e-05,9.662226104e-01,9.608018356e-01
9.339556493,3.822883387e-04,9.717057868e-01,9.664848733e-01
9.377808314,-1.512557360e-03,9.768755395e-01,9.718678548e-01
9.416073634,4.862987349e-04,9.817176646e-01,9.769361525e-01
9.454352459,-3.277829038e-04,9.862187302e-01,9.816758766e-01
9.492644796,-5.745278385e-04,9.903661081e-01,9.860739076e-01
9.530950651,9.812833506e-04,9.941480034e-01,9.901179262e-01
9.569270031,5.918196460e-04,9.975534817e-01,9.937964426e-01
9.607602942,-1.571061128e-03,1.000572495e+00,9.970988228e-01
9.645949391,-5.419427367e-04,1.003195903e+00,1.000015313e+00
9.684309385,-1.245954073e-04,1.005415501e+00,1.002537064e+00
9.722682931,-9.192384544e-04,1.007224028e+00,1.004656147e+00
9.761070034,-1.577306879e-03,1.008615195e+00,1.006365579e+00
9.799470701,-1.355003214e-04,1.009583691e+00,1.007659333e+00
9.837884940,2.087136488e-04,1.010125200e+00,1.008532352e+00
9.876312756,-4.984613410e-05,1.010236409e+00,1.008980567e+00
9.914754157,-1.478076946e-04,1.009915016e+00,1.009000896e+00
9.953209149,3.193861303e-04,1.009159735e+00,1.008591261e+00
9.991677738,-3.723756516e-04,1.007970298e+00,1.007750585e+00
10.030159932,-6.633806369e-04,1.006347455e+00,1.006478799e+00
10.068655736,-1.386467669e-03,1.004292973e+00,1.004776838e+00
10.107165158,6.462642966e-04,1.001809633e+00,1.002646640e+00
10.145688205,-1.136093537e-04,9.989012168e-01,1.000091143e+00
10.184224882,-3.429682597e-04,9.955725040e-01,9.971142740e-01
10.222775196,-1.247133716e-03,9.918292566e-01,9.937209402e-01
10.261339155,9.387046499e-04,9.876782060e-01,9.899170188e-01
10.299916765,-8.850902551e-04,9.831270358e-01,9.857093404e-01
10.338508032,-3.543954564e-05,9.781843635e-01,9.811056733e-01
10.377112964,-6.188014569e-04,9.728597191e-01,9.761147045e-01
10.415731566,-3.898381989e-04,9.671635219e-01,9.707460180e-01
10.454363846,-1.466026720e-03,9.611070550e-01,9.650100722e-01
10.493009810,2.117436996e-04,9.547024378e-01,9.589181741e-01
10.531669465,-2.837185090e-04,9.479625965e-01,9.524824519e-01
10.570342818,-1.901613108e-04,9.409012327e-01,9.457158257e-01
10.609029875,7.833689597e-04,9.335327900e-01,9.386319763e-01
10.647730643,4.658115463e-04,9.258724186e-01,9.312453117e-01
10.686445129,1.701444029e-04,9.179359389e-01,9.235709328e-01
10.725173340,-8.602484149e-05,9.097398027e-01,9.156245964e-01
10.763915282,1.121843584e-03,9.013010532e-01,9.074226771e-01
10.802670961,-1.408163053e-04,8.926372839e-01,8.989821281e-01
10.841440386,2.701375939e-04,8.837665954e-01,8.903204399e-01
10.880223562,3.397401229e-04,8.747075517e-01,8.814555980e-01
10.919020496,-2.708397383e-04,8.654791349e-01,8.724060395e-01
10.957831195,5.904249114e-04,8.561006993e-01,8.631906086e-01
10.996655665,-5.927255656e-04,8.465919241e-01,8.538285111e-01
11.035493914,7.119608300e-05,8.369727659e-01,8.443392676e-01
11.074345948,-1.176373254e-03,8.272634097e-01,8.347426669e-01
11.113211775,9.488077924e-06,8.174842206e-01,8.250587177e-01
11.152091399,7.726755176e-05,8.076556936e-01,8.153076005e-01
11.190984830,1.068670711e-04,7.977984042e-01,8.055096190e-01
11.229892072,-1.217004861e-03,7.879329586e-01,7.956851507e-01
11.268813134,-2.439005298e-04,7.780799430e-01,7.858545977e-01
11.307748021,-2.808020988e-04,7.682598744e-01,7.760383378e-01
11.346696741,5.496150256e-04,7.584931503e-01,7.662566750e-01
11.385659301,-1.299059081e-03,7.487999992e-01,7.565297906e-01
11.424635706,1.079468378e-03,7.392004318e-01,7.468776944e-01
11.463625965,7.211245576e-04,7.297141923e-01,7.373201764e-01
11.502630083,4.134792839e-04,7.203607104e-01,7.278767594e-01
11.541648068,-4.892867774e-04,7.111590544e-01,7.185666513e-01
11.580679926,4.955079907e-04,7.021278850e-01,7.094086994e-01
11.619725665,-1.461537663e-03,6.932854100e-01,7.004213449e-01
11.658785291,-9.996187812e-04,6.846493402e-01,6.916225782e-01
11.697858810,-9.107707609e-04,6.762368469e-01,6.830298958e-01
11.736946230,5.948529277e-04,6.680645199e-01,6.746602583e-01
11.776047558,-1.754209940e-03,6.601483280e-01,6.665300497e-01
11.815162800,7.677534997e-04,6.525035803e-01,6.586550378e-01
11.854291964,-1.317472907e-04,6.451448891e-01,6.510503369e-01
11.893435056,4.689943408e-04,6.380861351e-01,6.437303711e-01
11.932592082,-3.719593556e-04,6.313404340e-01,6.367088403e-01
11.971763051,-3.769511610e-05,6.249201052e-01,6.299986870e-01
12.010947968,-1.097689007e-03,6.188366421e-01,6.236120663e-01
12.050146840,-9.144073583e-05,6.131006850e-01,6.175603161e-01
12.089359675,5.315651407e-04,6.077219960e-01,6.118539311e-01
12.128586480,1.079391062e-03,6.027094354e-01,6.065025376e-01
12.167827260,-2.128613740e-05,5.980709414e-01,6.015148711e-01
12.207082024,6.715238426e-04,5.938135116e-01,5.968987557e-01
12.246350777,3.816200292e-04,5.899431864e-01,5.926610863e-01
12.285633528,9.403241845e-04,5.864650359e-01,5.888078128e-01
12.324930282,3.056255998e-05,5.833831479e-01,5.853439261e-01
12.364241047,-3.190482960e-04,5.807006194e-01,5.822734478e-01
12.403565829,3.303141901e-05,5.784195500e-01,5.795994209e-01
12.442904636,7.026118090e-04,5.765410380e-01,5.773239039e-01
