freq_THz,vg_m_per_s,lambda_geom_inv_s
190.0,1267777975.1198843,14645602152.022808
190.05,1265749744.9454806,14669070181.406708
190.1,1261864605.153747,14714234605.57452
190.15,1257991612.8724601,14759535477.590918
190.2,1254130710.4581716,14804973425.712282
190.25,1250281840.6607974,14850549081.709202
190.3,1246444946.6135216,14896263080.97182
190.35,1242619971.8344803,14942116062.477152
190.4,1238806860.224624,14988108668.801048
190.45,1235005556.0575883,15034241546.227585
190.5,1231216003.986357,15080515344.656483
190.55,1227438149.0329216,15126930717.716263
190.6,1223671936.5875986,15173488322.761513
190.65,1219917312.404405,15220188820.91885
190.7,1216174222.603998,15267032877.039255
190.75,1212442613.6633916,15314021159.815258
190.8,1208722432.415414,15361154341.778324
190.85,1205013626.0487072,15408433099.28878
190.9,1201316142.1015522,15455858112.604399
190.95,1197629928.4596088,15503430065.900442
191.0,1193954933.3554182,15551149647.267073
191.05,1190291105.362126,15599017548.781971
191.1,1186638393.3942094,15647034466.49285
191.15,1182996746.7018912,15695201100.48263
191.2,1179366114.8699203,15743518154.878315
191.25,1175746447.814097,15791986337.88998
191.3,1172137695.7812066,15840606361.804708
191.35,1168539809.3422673,15889378943.070719
191.4,1164952739.3920069,15938304802.29891
191.45,1161376437.1480327,15987384664.268196
191.5,1157810854.1464515,16036619257.979687
191.55,1154255942.237586,16086009316.711044
191.6,1150711653.587168,16135555577.995535
191.65,1147177940.671561,16185258783.68399
191.7,1143654756.2770896,16235119679.950258
191.75,1140142053.4932709,16285139017.383398
191.8,1136639785.71725,16335317550.921717
191.85,1133147906.646308,16385656039.956284
191.9,1129666370.276278,16436155248.351728
191.95,1126195130.9007523,16486815944.455698
192.0,1122734143.1087308,16537638901.130972
192.05,1119283361.7787437,16588624895.840479
192.1,1115842742.0822482,16639774710.596542
192.15,1112412239.4780567,16691089132.04218
192.2,1108991809.7091668,16742568951.49856
192.25,1105581408.803889,16794214964.948298
192.3,1102180993.0702178,16846027973.120747
192.35,1098790519.0957654,16898008781.494274
192.4,1095409943.745702,16950158200.328775
192.45,1092039224.15903,17002477044.724714
192.5,1088678317.7492907,17054966134.614185
192.55,1085327182.1982534,17107626294.861607
192.6,1081985775.4569368,17160458355.251158
192.65,1078654055.7460897,17213463150.48165
192.7,1075331981.5464735,17266641520.324253
192.75,1072019511.6030442,17319994309.56082
192.8,1068716604.923127,17373522368.016773
192.85,1065423220.7704502,17427226550.662266
192.9,1062139318.6662563,17481107717.599808
192.95,1058864858.387597,17535166734.09735
193.0,1055599799.9617826,17589404470.685875
193.05,1052344103.6684564,17643821803.13198
193.1,1049097730.0372921,17698419612.48251
193.15,1045860639.8441721,17753198785.135788
193.2,1042632794.1108013,17808160212.856037
193.25,1039414154.1016501,17863304792.833412
193.3,1036204681.3227314,17918633427.71368
193.35,1033004337.5214789,17974147025.60901
193.4,1029813084.6824791,18029846500.1809
193.45,1026630885.0276304,18085732770.647335
193.5,1023457701.0117712,18141806761.86963
193.55,1020293495.3237531,18198069404.344494
193.6,1017138230.8842779,18254521634.253017
193.65,1013991870.8427198,18311164393.528828
193.7,1010854378.5767578,18367998629.876842
193.75,1007725717.6890776,18425025296.845352
193.8,1004605852.0087168,18482245353.81443
193.85,1001494745.5863656,18539659766.094803
193.9,998392362.6953317,18597269504.92398
193.95,995298667.8273603,18655075547.55765
194.0,992213625.6916076,18713078877.304054
194.05,989137201.2148293,18771280483.53554
194.1,986069359.540343,18829681361.72296
194.15,983010066.0218353,18888282513.56936
194.2,979959286.2254568,18947084946.987423
194.25,976916985.9302515,19006089676.107384
194.3,973883131.1211344,19065297721.430016
194.35,970857687.9915934,19124710109.792805
194.4,967840622.9414563,19184327874.431465
194.45,964831902.5733728,19244152055.068367
194.5,961831493.694539,19304183697.89789
194.55,958839363.3130418,19364423855.678753
194.6,955855478.6369425,19424873587.773033
194.65,952879807.0726267,19485533960.20042
194.7,949912316.2248615,19546406045.658283
194.75,946952973.8924,19607490923.633404
194.8,944001748.0695947,19668789680.39162
194.85,941058606.9453834,19730303409.020832
194.9,938123518.896841,19792033209.58913
194.95,935196452.4944911,19853980189.05794
195.0,932277376.4970106,19916145461.417225
195.05,929366259.8498435,19978530147.740463
195.1,926463071.6870384,20041135376.17072
195.15,923567781.325782,20103962282.063828
195.2,920680358.2665343,20167012008.012985
195.25,917800772.1948868,20230285703.83495
195.3,914928992.9765885,20293784526.70589
195.35,912064990.656516,20357509641.213028
195.4,909208735.4590327,20421462219.375595
195.45,906360197.7862808,20485643440.711933
195.5,903519348.2165182,20550054492.306713
195.55,900686157.5033408,20614696568.858974
195.6,897860596.5742489,20679570872.745678
195.65,895042636.5285876,20744678614.100697
195.7,892232248.6390088,20810021010.813217
195.75,889429404.3468064,20875599288.668335
195.8,886634075.2634263,20941414681.34571
195.85,883846233.1686788,21007468430.494946
195.9,881065850.0078684,21073761785.83823
195.95,878292897.8944585,21140296005.142094
196.0,875527349.1046749,21207072354.381752
196.05,872769176.0781398,21274092107.76314
196.1,870018351.4192569,21341356547.72572
196.15,867274847.8916674,21408866965.114815
196.2,864538638.4187864,21476624659.20786
196.25,861809696.0860134,21544630937.698067
196.3,859087994.1348739,21612887116.878834
196.35,856373505.963461,21681394521.673946
196.4,853666205.1274571,21750154485.65248
196.45,850966065.338096,21819168351.120934
196.5,848273060.4583973,21888437469.26172
196.55,845587164.5051748,21957963200.125263
196.6,842908351.6481599,22027746912.695366
196.65,840236596.2072349,22097789985.004963
196.7,837571872.6519508,22168093804.19402
196.75,834914155.6017789,22238659766.54826
196.8,832263419.8231726,22309489277.62297
196.85,829619640.2307442,22380583752.25869
196.9,826982791.8832605,22451944614.73622
196.95,824352849.986858,22523573298.738396
197.0,821729789.8910997,22595471247.505276
197.05,819113587.0876834,22667639913.91992
197.1,816504217.2119752,22740080760.51683
197.15,813901656.0397804,22812795259.62212
197.2,811305879.4875244,22885784893.40087
197.25,808716863.6113304,22959051153.9356
197.3,806134584.6063957,23032595543.29706
197.35,803559018.8061178,23106419573.622902
197.4,800990142.6781641,23180524767.285706
197.45,798427932.8286736,23254912656.828445
197.5,795872365.9984926,23329584785.128803
197.55,793323419.0619102,23404542705.49388
197.6,790781069.0275294,23479787981.69296
197.65,788245293.0362458,23555322188.075676
197.7,785716068.3600712,23631146909.667118
197.75,783193372.4020238,23707263742.231987
197.8,780677182.6964053,23783674292.327168
197.85,778167476.905515,23860380177.463192
197.9,775664232.8198828,23937383026.16105
197.95,773167428.3582441,24014684478.016804
198.0,770677041.5663942,24092286183.801292
198.05,768193050.6162066,24170189805.556118
198.1,765715433.8032112,24248397016.736515
198.15,763244169.548904,24326909502.20644
198.2,760779236.3984802,24405728958.377743
198.25,758320613.019374,24484857093.326202
198.3,755868278.2008107,24564295626.876568
198.35,753422210.8546884,24644046290.64481
198.4,750982390.0125192,24724110828.20912
198.45,748548794.8257798,24804490995.17198
198.5,746121404.5657814,24885188559.2379
198.55,743700198.621223,24966205300.36932
198.6,741285156.4990697,25047543010.833504
198.65,738876257.8234504,25129203495.31578
198.7,736473482.3345975,25211188571.033024
198.75,734076809.8873745,25293500067.862907
198.8,731686220.4531289,25376139828.360073
198.85,729301694.1166657,25459109707.940277
198.9,726923211.0754479,25542411574.990654
198.95,724550751.6410433,25626047310.901882
199.0,722184296.2350277,25710018810.295937
199.05,719823825.3934487,25794327980.953045
199.1,717469319.760826,25878976744.11008
199.15,715120760.0919185,25963967034.485653
199.2,712778127.2517225,26049300800.367714
199.25,710441402.2136618,26134980003.76792
199.3,708110566.0596496,26221006620.509632
199.35,705785599.9781555,26307382640.39046
199.4,703466485.2647526,26394110067.254993
199.45,701153203.3221319,26481190919.087135
199.5,698845735.658264,26568627228.173214
199.55,696544063.8845352,26656421041.26922
199.6,694248169.7187426,26744574419.584
199.65,691958034.981917,26833089438.997723
199.7,689673641.5970771,26921968190.210133
199.75,687394971.5910369,27011212778.771217
199.8,685122007.091784,27100825325.284687
199.85,682854730.3294172,27190807965.47426
199.9,680593123.6339179,27281162850.375843
199.95,678337169.4361318,27371892146.404175
200.0,676086850.2659148,27462998035.533566
200.05,673842148.7523749,27554482715.396416
200.1,671603047.6232563,27646348399.417152
200.15,669369529.7042587,27738597316.95039
200.2,667141577.9176364,27831231713.450745
200.25,664919175.2836727,27924253850.524834
200.3,662702304.9178233,28017666006.164402
200.35,660490950.0311227,28111470474.846004
200.4,658285093.9309542,28205669567.614994
200.45,656084720.0180554,28300265612.331165
200.5,653889811.7876391,28395260953.741447
200.55,651700352.8291323,28490657953.611736
200.6,649516326.8236039,28586458990.961494
200.65,647337717.5452185,28682666462.12517
200.7,645164508.8612317,28779282780.876816
200.75,642996684.7285703,28876310378.708687
200.8,640834229.1959637,28973751704.86577
200.85,638677126.4029744,29071609226.518284
200.9,636525360.5779542,29169885428.98595
200.95,634378916.040372,29268582815.765053
201.0,632237777.1971973,29367703908.828056
201.05,630101928.5441641,29467251248.702534
201.1,627971354.6659105,29567227394.601456
201.15,625846040.2335389,29667634924.67628
201.2,623725970.0054312,29768476436.1202
201.25,621611128.826977,29869754545.3229
201.3,619501501.6292629,29971471888.076923
201.35,617397073.4290425,30073631119.725166
201.4,615297829.3283206,30176234915.328156
201.45,613203754.5138854,30279285969.835747
201.5,611114834.2567149,30382786998.266808
201.55,609031053.911341,30486740735.89328
201.6,606952398.916432,30591149938.364994
201.65,604878854.7927916,30696017381.96546
201.7,602810407.1440089,30801345863.737263
201.75,600747041.6554811,30907138201.690865
201.8,598688744.0949444,31013397234.938404
201.85,596635500.3104132,31120125823.96253
201.9,594587296.2311634,31227326850.730896
201.95,592544117.8670408,31335003218.898163
202.0,590505951.3073658,31443157854.032097
202.05,588472782.7210836,31551793703.77645
202.1,586444598.3564078,31660913738.041965
202.15,584421384.539986,31770520949.225323
202.2,582403127.6772009,31880618352.36903
202.25,580389814.2510384,31991208985.400753
202.3,578381430.8218017,32102295909.329548
202.35,576377964.0272831,32213882208.418365
202.4,574379400.5818167,32325970990.420452
202.45,572385727.2757356,32438565386.796284
202.5,570396930.9759157,32551668552.871086
202.55,568412998.6245848,32665283668.09208
202.6,566433917.2388849,32779413936.24631
202.65,564459673.9109493,32894062585.650948
202.7,562490255.8075876,33009232869.36775
202.75,560525650.1691942,33124928065.4656
202.8,558565844.3103256,33241151477.187912
202.85,556610825.61828,33357906433.239716
202.9,554660581.5541302,33475196287.931767
202.95,552715099.6509799,33593024421.49226
203.0,550774367.5143944,33711394240.251457
203.05,548838372.8218647,33830309176.886337
203.1,546907103.3223118,33949772690.66568
203.15,544980546.8361431,34069788267.663548
203.2,543058691.2545033,34190359421.024967
203.25,541141524.5390148,34311489691.204132
203.3,539229034.721741,34433182646.19085
203.35,537321209.9040505,34555441881.80934
203.4,535418038.25758666,34678271021.88558
203.45,533519508.0228295,34801673718.57074
203.5,531625607.50931895,34925653652.561165
203.55,529736325.0949855,35050214533.378716
203.6,527851649.2256488,35175360099.64348
203.65,525971568.41605043,35301094119.24688
203.7,524096071.247848,35427420389.72904
203.75,522225146.3702982,35554342738.48082
203.8,520358782.499186,35681865023.06596
203.85,518496968.4173261,35809991131.43985
203.9,516639692.97408915,35938724982.2365
203.95,514786945.08457005,36068070525.08415
204.0,512938713.7304603,36198031740.80501
204.05,511094987.9575807,36328612641.85187
204.1,509255756.87830055,36459817272.40451
204.15,507421009.66876364,36591649708.83523
204.2,505590735.5705057,36724114059.86619
204.25,503764923.88994545,36857214466.879395
204.3,501943563.9957418,36990955104.38781
204.35,500126645.32153094,37125340180.117676
204.4,498314157.36492527,37260373935.363914
204.45,496506089.6860952,37396060645.38241
204.5,494702431.9077609,37532404619.68226
204.55,492903173.7159455,37669410202.26228
204.6,491108304.85952055,37807081771.94033
204.65,489317815.14829415,37945423742.799576
204.7,487531694.4547028,38084440564.362144
204.75,485749932.71285343,38224136721.968056
204.8,483972519.91834146,38364516737.09839
204.85,482199446.1270432,38505585167.7835
204.9,480430701.45673895,38647346608.790405
204.95,478666276.08541447,38789805692.076126
205.0,476906160.2507942,38932967087.14925
205.05,475150344.2519795,39076835501.262596
205.1,473398818.44676423,39221415679.96092
205.15,471651573.2531467,39366712407.29084
205.2,469908599.14893484,39512730506.16823
205.25,468169886.66996783,39659474838.867195
205.3,466435426.41174835,39806950307.22741
205.35,464705209.0284996,39955161853.07961
205.4,462979225.2327088,40104114458.6354
205.45,461257465.7949034,40253813146.86149
205.5,459539921.54410714,40404262981.797935
205.55,457826583.3667099,40555469069.01822
205.6,456117442.20672536,40707436555.97287
205.65,454412489.065887,40860170632.349724
205.7,452711715.0024298,41013676530.55596
205.75,451015111.13163596,41167959526.04726
205.8,449322668.62594557,41323024937.697845
205.85,447634378.7139136,41478878128.280304
205.9,445950232.68019325,41635524504.85706
205.95,444270221.86610824,41792969519.119896
206.0,442594337.66830856,41951218667.912
206.05,440922571.53899586,42110277493.60925
206.1,439254914.9861282,42270151584.505905
206.15,437591359.5731424,42430846575.24962
206.2,435931896.91834587,42592368147.31347
206.25,434276518.6944455,42754722029.46066
206.3,432625216.62943566,42917913998.0801
206.35,430977982.5054082,43081949877.7293
206.4,429334808.15925556,43246835541.49561
206.45,427695685.48149586,43412576911.54849
206.5,426060606.4164473,43579179959.56299
206.55,424429562.9628993,43746650707.09489
206.6,422802547.1725165,43914995226.19203
206.65,421179551.1503991,44084219639.79127
206.7,419560567.05538005,44254330122.14441
206.75,417945587.0989253,44425332899.39512
206.8,416334603.5454782,44597234250.010376
206.85,414727608.7119915,44770040505.301994
206.9,413124594.96822,44943758049.87163
206.95,411525554.73603064,45118393322.16627
207.0,409930480.4893984,45293952814.96537
207.05,408339364.7549458,45470443075.81175
207.1,406752200.11085725,45647870707.62616
207.15,405168979.18641084,45826242369.2619
207.2,403589694.6632788,46005564775.86461
207.25,402014339.27410567,46185844699.54215
207.3,400442905.8029041,46367088969.83595
207.35,398875387.0848723,46549304474.26215
207.4,397311776.0058324,46732498158.902626
207.45,395752065.5027591,46916677028.8744
207.5,394196248.5633246,47101848148.91811
207.55,392644318.22512275,47288018644.03214
207.6,391096267.576774,47475195699.88745
207.65,389552089.7569781,47663386563.49178
207.7,388011777.954301,47852598543.77335
207.75,386475325.40739816,48042839012.11631
207.8,384942725.4045728,48234115402.98283
207.85,383413971.2841635,48426435214.4379
207.9,381889056.43401206,48619806008.793594
207.95,380367974.290989,48814235413.254036
208.0,378850718.34139097,49009731120.455246
208.05,377337282.1210706,49206300889.042435
208.1,375827659.21459526,49403952544.37897
208.15,374321843.25564677,49602693979.1011
208.2,372819827.9266086,49802533153.78379
208.25,371321606.9581714,50003478097.61167
208.3,369827174.13028336,50205536908.87503
208.35,368336523.2709049,50408717755.76522
208.4,366849648.25648224,50613028876.946205
208.45,365366543.0119888,50818478582.188194
208.5,363887201.50970894,51025075253.18253
208.55,362411617.77031094,51232827344.04644
208.6,360939785.86321175,51441743381.92664
208.65,359471699.90435624,51651831967.97709
208.7,358007354.0578103,51863101777.80502
208.75,356546742.5358783,52075561562.12677
208.8,355089859.59746,52289220147.68712
208.85,353636699.5490569,52504086437.80255
208.9,352187256.7450492,52720169413.011856
208.95,350741525.5863553,52937478131.97403
209.0,349299500.52120745,53156021732.05968
209.05,347861176.0451174,53375809430.0662
209.1,346426546.7000745,53596850523.05751
209.15,344995607.07544434,53819154388.95007
209.2,343568351.8068929,54042730487.40802
209.25,342144775.5768149,54267588360.51359
209.3,340724873.11448765,54493737633.48364
209.35,339308639.19535226,54721188015.53115
209.4,337896068.6414438,54949949300.55117
209.45,336487156.32132655,55180031367.88997
209.5,335081897.14953685,55411444183.2017
209.55,333680286.0868682,55644197799.17469
209.6,332282318.14010715,55878302356.353325
209.65,330887988.36253524,56113768083.837715
209.7,329497291.8531811,56350605300.19842
209.75,328110223.756802,56588824414.27726
209.8,326726779.2641286,56828435925.94801
209.85,325346953.6117004,57069450426.952324
209.9,323970742.0816858,57311878601.74524
209.95,322598140.00219846,57555731228.259285
210.0,321229142.74661255,57801019178.85124
210.05,319863745.7338893,58047753421.07706
210.1,318501944.42839324,58295945018.5626
210.15,317143734.34041005,58545605131.75197
210.2,315789111.0248871,58796745018.9871
210.25,314438070.0823683,59049376037.19262
210.3,313090607.1589901,59303509642.7349
210.35,311746717.94550145,59559157392.47263
210.4,310406398.1781984,59816330944.45341
210.45,309069643.6384497,60075042058.87991
210.5,307736450.152497,60335302599.032196
210.55,306406813.5918907,60597124532.07109
210.6,305080729.872761,60860519930.07465
210.65,303758194.95674735,61125500970.75318
210.7,302439204.84983927,61392079938.583275
210.75,301123755.60303,61660269225.58767
210.8,299811843.31243414,61930081332.223495
210.85,298503464.1185181,62201528868.45858
210.9,297198614.2067065,62474624554.57138
210.95,295897289.8072489,62749381222.10551
211.0,294599487.1948738,63025811814.87534
211.05,293305202.6890114,63303929389.85707
211.1,292014432.6539419,63583747118.09728
211.15,290727173.49824816,63865278285.776665
211.2,289443421.6751126,64148536295.09654
211.25,288163173.6824422,64433534665.204185
211.3,286886426.0626836,64720287033.1899
211.35,285613175.4025107,65008807155.118645
211.4,284343418.3332586,65299108906.89723
211.45,283077151.531021,65591206285.217224
211.5,281814371.7157341,65885113408.736244
211.55,280555075.65195286,66180844518.874245
211.6,279299260.1490849,66478413980.73151
211.65,278046922.06052524,66777836284.26985
211.7,276798058.28409016,67079126045.19203
211.75,275552665.7620408,67382298005.91779
211.8,274310741.48080194,67687367036.6363
211.85,273072282.4714967,67994348136.16046
211.9,271837285.809477,68303256433.027504
211.95,270605748.6142673,68614107186.50179
212.0,269377668.0498033,68926915787.5036
212.05,268153041.32449165,69241697759.58104
212.1,266931865.69090915,69558468759.97481
212.15,265714138.4459865,69877244580.55968
212.2,264499856.93090802,70198041148.85785
212.25,263289018.53122514,70520874528.99548
212.3,262081620.6770317,70845760922.63956
212.35,260877660.8423377,71172716670.14888
212.4,259677136.5456464,71501758251.40114
212.45,258480045.35000566,71832902286.75476
212.5,257286384.86244693,72166165538.17868
212.55,256096152.73455733,72501564910.06682
212.6,254909346.66211236,72839117450.30806
212.65,253725964.38537526,73178840351.16556
212.7,252546003.68894282,73520750950.27855
212.75,251369462.40171993,73864866731.62354
212.8,250196338.39702633,74211205326.43085
212.85,249026629.5924633,74559784514.16518
212.9,247860333.95018974,74910622223.37767
212.95,246697449.47667465,75263736532.70561
213.0,245537974.2227732,75619145671.76878
213.05,244381906.28403562,75976868021.98341
213.1,243229243.8000598,76336922117.66162
213.15,242079984.95513847,76699326646.70209
213.2,240934127.97803608,77064100451.53722
213.25,239791671.1418559,77431262530.04347
213.3,238652612.76450396,77800832036.24794
213.35,237516951.2082576,78172828281.30785
213.4,236384684.879641,78547270734.38266
213.45,235255812.23020008,78924179023.1926
213.5,234130331.7558735,79303572935.02235
213.55,233008241.9971456,79685472417.45358
213.6,231889541.53910294,80069897579.11064
213.65,230774229.01156533,80456868690.36136
213.7,229662303.08895174,80846406184.08963
213.75,228553762.4903303,81238530656.38525
213.8,227448605.97944131,81633262867.22182
213.85,226346832.3647363,82030623741.10608
213.9,225248440.49944267,82430634367.69426
213.95,224153429.2814659,82833316002.44287
214.0,223061797.65347525,83238690067.16766
214.05,221973544.60301366,83646778150.56529
214.1,220888669.16240478,84057602008.7818
214.15,219807170.40844616,84471183566.03638
214.2,218729047.46324396,84887544914.77875
214.25,217654299.49360836,85306708316.35992
214.3,216582925.71099383,85728696201.46796
214.35,215514925.37203,86153531170.29457
214.4,214450297.77807665,86581235993.04718
214.45,213389042.2754453,87011833610.16211
214.5,212331158.2552565,87445347132.62337
214.55,211276645.15381515,87881799842.02864
214.6,210225502.45221126,88321215190.92886
214.65,209177729.67632562,88763616802.96178
214.7,208133326.39740795,89209028472.69408
214.75,207092292.23146895,89657474165.91426
214.8,206054626.83931738,90108978019.60953
214.85,205020329.92713895,90563564341.65065
214.9,203989401.24580562,91021257610.9744
214.95,202961840.5913109,91482082477.22105
215.0,201937647.8046092,91946063760.5738
215.05,200916822.77180356,92413226451.38214
215.1,199899365.42388105,92883595709.92783
215.15,198885275.73658013,93357196866.07185
215.2,197874553.73104465,93834055418.4651
215.25,196867199.47321182,94314197034.2774
215.3,195863213.0739456,94797647548.51144
215.35,194862594.6891861,95284432963.23042
215.4,193865344.5196455,95774579446.92819
215.45,192871462.81116208,96268113333.50006
215.5,191880949.8543268,96765061121.48688
215.55,190893805.98467454,97265449472.9574
215.6,189910031.58251393,97769305212.48196
215.65,188929627.07314146,98276655325.82031
215.7,187952592.9265446,98787526958.7761
215.75,186978929.65748438,99301947415.76157
215.8,186008637.82541397,99819944158.34636
215.85,185041718.0343698,100341544803.71921
215.9,184078170.93332803,100866777122.7903
215.95,183117997.21559218,101395669038.70613
216.0,182161197.61895743,101928248624.83554
216.05,181207772.92575896,102464544102.6968
216.1,180257723.96278188,103004583839.83885
216.15,179311051.60119262,103548396347.58687
216.2,178367756.75619027,104096010278.8225
216.25,177427840.38723615,104647454425.3011
216.3,176491303.49810025,105202757714.93044
216.35,175558147.13631377,105761949209.26161
216.4,174628372.39337003,106325058100.39735
216.45,173701980.40462485,106892113707.92485
216.5,172778972.3491299,107463145475.73705
216.55,171859349.44943026,108038182968.72093
216.6,170943112.9717975,108617255869.01048
216.65,170030264.22566015,109200393972.57372
216.7,169120804.56353354,109787627185.32182
216.75,168214735.38129812,110378985518.81079
216.8,167312058.11764088,110974499086.2987
216.85,166412774.25402364,111574198098.28067
216.9,165516885.31447858,112178112857.94365
216.95,164624392.865602,112786273756.29045
217.0,163735298.51614052,113398711267.33604
217.05,162849603.91685426,114015455942.91278
217.1,161967310.76070255,114636538407.03156
217.15,161088420.78196603,115261989350.76732
217.2,160212935.7566051,115891839526.05661
217.25,159340857.5017726,116526119739.85603
217.3,158472187.87553784,117164860847.92043
217.35,157606928.77690268,117808093748.12172
217.4,156745082.14518577,118455849373.98413
217.45,155886649.96005517,119108158687.48639
217.5,155031634.24117416,119765052671.88667
217.55,154180037.04789013,120426562324.24986
217.6,153331860.4787772,121092718647.81697
217.65,152487106.67158628,121763552643.77673
217.7,151645777.80280095,122439095303.05399
217.75,150807876.08725506,123119377597.75958
217.8,149973403.77802154,123804430472.11765
217.85,149142363.16561627,124494284833.64323
217.9,148314756.57789716,125188971543.442
217.95,147490586.3797075,125888521406.3905
218.0,146669854.97247994,126592965161.01921
218.05,145852564.79352215,127302333469.33601
218.1,145038718.315897,128016656905.7982
218.15,144228318.04789877,128735965946.27554
218.2,143421366.53247452,129460290956.70856
218.25,142617866.3467976,130189662181.2686
218.3,141817820.1018109,130924109730.16925
218.35,141021230.4415552,131663663567.29492
218.4,140228100.04287073,132408353497.09831
218.45,139438431.61467314,133158209151.49368
218.5,138652227.89734143,133913259976.24963
218.55,137869491.66215077,134673535216.92996
218.6,137090225.71080625,135439063904.31529
218.65,136314432.8746805,136209874839.68517
218.7,135542116.01398587,136985996579.74223
218.75,134773278.01744235,137767457420.60162
218.8,134007921.80143479,138554285381.837
218.85,133246050.30906932,139346508190.1877
218.9,132487666.50977556,140144153262.24277
218.95,131732773.39832011,140947247687.26132
219.0,130981373.9940523,141755818209.2823
219.05,130233471.34022398,142569891208.66785
219.1,129489068.50286452,143389492683.64032
219.15,128748168.57014324,144214648230.7996
219.2,128010774.65149406,145045383025.3904
219.25,127276889.87645756,145881721801.38498
219.3,126546517.39404488,146723688830.4652
219.35,125819660.37148577,147571307901.18375
219.4,125096321.99336113,148424602297.16638
219.45,124376505.46071938,149283594774.79327
219.5,123660213.98971765,150148307540.91022
219.55,122947450.81063756,151018762229.56567
219.6,122238219.16686101,151894979878.2453
219.65,121532522.31370786,152776980903.72513
219.7,120830363.51724698,153664785077.40848
219.75,120131746.05289568,154558411500.38245
219.8,119436673.20438656,155457878577.45663
219.85,118745148.26253644,156363203990.88522
219.9,118057174.52377126,157274404673.84964
219.95,117372755.28876942,158191496783.23584
220.0,116691893.86123237,159114495671.67737
220.05,116014593.54646915,160043415859.2799
220.1,115340857.64972802,160978271005.13742
220.15,114670689.4748973,161919073877.78897
220.2,114004092.32312602,162865836325.21457
220.25,113341069.49095628,163818569244.9675
220.3,112681624.26875862,164777282553.3432
220.35,112025759.93936895,165741985153.7004
220.4,111373479.77627856,166712684904.8813
220.45,110724787.04178303,167689388589.1722
220.5,110079684.98539588,168672101879.34497
220.55,109438176.84212014,169660829305.3796
220.6,108800265.83045211,170655574221.08862
220.65,108165955.15052922,171656338770.02795
220.7,107535247.98240016,172663123850.71857
220.75,106908147.4839636,173675929081.9068
220.8,106284656.78886832,174694752767.4337
220.85,105664779.00468712,175719591860.20987
220.9,105048517.21078995,176750441926.23563
220.95,104435874.45603888,177787297108.5106
221.0,103826853.75688161,178830150089.87744
221.05,103221458.0951882,179878992055.90118
221.1,102619690.41570693,180933812658.0528
221.15,102021553.62399524,181994599975.74365
221.2,101427050.58413017,183061340478.4152
221.25,100836184.11616634,184134018987.79428
221.3,100248956.99401827,185212618639.12247
221.35,99665371.94264795,186297120843.41003
221.4,99085431.63574728,187387505248.595
221.45,98509138.6933794,188483749700.58255
221.5,97936495.67902009,189585830205.28055
221.55,97367505.09720841,190693720889.38565
221.6,96802169.39088476,191807393961.68185
221.65,96240490.93851516,192926819674.73514
221.7,95682472.05147828,194051966286.08667
221.75,95128114.97123213,195182800019.92984
221.8,94577421.86657701,196319285028.68686
221.85,94030394.83066908,197461383355.23544
221.9,93487035.87814711,198609054895.09778
221.95,92947346.9421655,199762257359.06207
222.0,92411329.87158868,200920946235.74207
222.05,91878986.42773421,202085074755.44183
222.1,91350318.28144513,203254593853.71683
222.15,90825327.00998217,204429452135.77094
222.2,90304014.09391275,205609595841.37125
222.25,89786380.91396832,206794968810.40134
222.3,89272428.74773431,207985512449.43164
222.35,88762158.76658837,209181165698.41672
222.4,88255572.03240508,210381864998.68195
222.45,87752669.49426521,211587544261.73102
222.5,87253451.98511659,212798134839.06696
222.55,86757920.21846867,214013565492.89835
222.6,86266074.78507856,215233762367.89777
222.65,85777916.14953715,216458648964.3125
222.7,85293444.64692698,217688146112.08054
222.75,84812660.47925867,218922171946.76532
222.8,84335563.71224543,220160641885.96786
222.85,83862154.27175178,221403468607.97433
222.9,83392431.94029911,222650562031.76004
222.95,82926396.35365541,223901829298.34308
223.0,82464046.99733095,225157174754.03372
223.05,82005383.20315805,226416499935.1879
223.1,81550404.14576556,227679703555.0558
223.15,81099108.83904885,228946681492.54422
223.2,80651496.13266915,230217326782.88022
223.25,80207564.7087569,231491529609.74698
223.3,79767313.07824679,232769177300.59998
223.35,79330739.57748239,234050154323.44644
223.4,78897842.36471121,235334342286.24176
223.45,78468619.41680132,236621619938.0123
223.5,78043068.52567087,237911863173.28732
223.55,77621187.29489228,239204945038.56534
223.6,77202973.13654065,240500735740.64
223.65,76788423.2675746,241799102659.05054
223.7,76377534.7066554,243099910359.96304
223.75,75970304.27091497,244403020613.03397
223.8,75566728.57267942,245708292411.32172
223.85,75166804.01625322,247015581993.98895
223.9,74770526.79480451,248324742871.72018
223.95,74377892.88723564,249635625855.29138
224.0,73988898.05518864,250948079086.8572
224.05,73603537.8400972,252261948074.29346
224.1,73221807.56010967,253577075729.25537
224.15,72843702.30736262,254893302407.36835
224.2,72469216.94511116,256210465952.26758
224.25,72098346.10507597,257528401742.29306
224.3,71731084.1847458,258846942740.779
224.35,71367425.34481438,260165919549.34546
224.4,71007363.50671747,261485160464.3281
224.45,70650892.35020341,262804491536.60883
224.5,70298005.31107901,264123736634.3404
224.55,69948695.57894674,265442717509.25015
224.6,69602956.09508425,266761253865.97232
224.65,69260779.55050385,268079163434.24728
224.7,68922158.38398208,269396262044.7775
224.75,68587084.78023218,270712363708.07654
224.8,68255550.6683371,272027280695.8111
224.85,67927547.72008382,273340823626.01126
224.9,67603067.34848347,274652801551.01443
224.95,67282100.70655586,275963022047.7602
225.0,66964638.68604031,277271291311.7459
225.05,66650671.916406766,278577414253.0788
225.1,66340190.76376946,279881194596.1895
225.15,66033185.33020829,281182434981.0497
225.2,65729645.4531224,282480937067.353
225.25,65429560.70454852,283776501641.8967
225.3,65132920.39090619,285068928727.0966
225.35,64839713.55276659,286358017692.23975
225.4,64549928.96465133,287643567367.374
225.45,64263555.13517952,288925376158.32336
225.5,63980580.30727055,290203242163.9814
225.55,63700992.45843195,291476963295.65076
225.6,63424779.30137659,292746337397.1867
225.65,63151928.284593426,294011162367.5092
225.7,62882426.593232155,295271236283.70355
225.75,62616261.15016701,296526357525.15497
225.8,62353418.61695552,297776324899.914
225.85,62093885.39527555,299020937770.39764
225.9,61837647.6283781,300259996180.4188
225.95,61584691.20266477,301493300982.8826
226.0,61335001.74954416,302720653967.225
226.05,61088564.647287525,303941857987.77527
226.1,60845365.02317745,305156717091.4356
226.15,60605387.755818084,306365036645.1197
226.2,60368617.47746266,307566623463.5012
226.25,60135038.576607965,308761285935.64166
226.3,59904635.20080881,309948834150.52
226.35,59677391.25947285,311129080022.50543
226.4,59453290.426915914,312301837415.1585
226.45,59232316.1455854,313466922263.6286
226.5,59014451.629327334,314624152696.1136
226.55,58799679.86694558,315773349152.88544
226.6,58587983.625764675,316914334504.2122
226.65,58379345.45538158,318046934166.0167
226.7,58173747.69163867,319170976212.89386
226.75,57971172.46056738,320286291489.6645
226.8,57771601.68260288,321392713719.6579
226.85,57575017.07686441,322490079610.65625
226.9,57381400.16550314,323578228958.3329
226.95,57190732.27834316,324657004745.7486
227.0,57002994.55747026,325726253240.6665
227.05,56818167.96191495,326785824089.72687
227.1,56636233.27260038,327835570408.3425
227.15,56457171.09733525,328875348867.40485
227.2,56280961.87573614,329905019777.3479
227.25,56107585.884485014,330924447167.0841
227.3,55937023.24253264,331933498859.9266
227.35,55769253.9164062,332932046545.4666
227.4,55604257.725647956,333919965847.1213
227.45,55442014.34821356,334897136386.2642
227.5,55282503.32600868,335863441841.7794
227.55,55125704.0705627,336818770004.9337
227.6,54971595.86861487,337763012830.84326
227.65,54820157.88780595,338696066485.29865
227.7,54671369.18242051,339617831387.20447
227.75,54525208.6992109,340528212246.3771
227.8,54381655.28318587,341427118097.3723
227.85,54240687.68343119,342314462328.8881
227.9,54102284.55900987,343190162708.4026
227.95,53966424.48484943,344054141402.5958
228.0,53833085.957601756,344906324993.63525
228.05,53702247.40154228,345746644490.8906
228.1,53573887.17454476,346575035337.83234
228.15,53447983.57391638,347391437415.5009
228.2,53324514.84225235,348195795041.5482
228.25,53203459.17336834,348988056964.4807
228.3,53084794.71816391,349768176354.08014
228.35,52968499.59041227,350536110788.0756
228.4,52854551.87256192,351291822234.55133
228.45,52742929.621514186,352035277030.36694
228.5,52633610.87433468,352766445855.92664
228.55,52526573.65395453,353485303705.98474
228.6,52421795.97476911,354191829857.1737
228.65,52319255.84823745,354886007831.6347
228.7,52218931.28840184,355567825357.3685
228.75,52120800.31740199,356237274324.88513
228.8,52024840.97076663,356894350741.7182
228.85,51931031.30278635,357539054682.83405
228.9,51839349.39180587,358171390238.1228
228.95,51749773.345405616,358791365457.2812
229.0,51662281.30544107,359398992292.41705
229.05,51576851.45310177,359994286537.36237
229.1,51493462.01385352,360577267764.7432
229.15,51412091.26227962,361147959260.8117
229.2,51332717.526839666,361706387958.0273
229.25,51255319.19452805,362252584365.62665
229.3,51179874.71544822,362786582498.18823
229.35,51106362.60726115,363308419802.60315
229.4,51034761.45962339,363818137082.75366
229.45,50965049.9384231,364315778423.377
229.5,50897206.789898686,364801391112.6429
229.55,50831210.8448179,365275025562.2877
229.6,50767041.02234856,365736735228.06274
229.65,50704676.333905734,366186576528.5848
229.7,50644095.88699715,366624608762.54004
229.75,50585278.888787985,367050894026.37006
229.8,50528204.64961739,367465497130.8879
229.85,50472852.58647322,367868485516.885
229.9,50419202.2262825,368259929170.8765
229.95,50367233.209093496,368639900540.5496
230.0,50316925.29118147,369008474449.7893
230.05,50268258.348047,369365728013.61566
230.1,50221212.37725858,369711740553.493
230.15,50175767.501245685,370046593512.3351
230.2,50131903.96989782,370370370370.3703
230.25,50089602.16315778,370683156560.57825
230.3,50048842.59345045,370985039384.9603
230.35,50009605.907962024,371276107931.6321
230.4,49971872.89095285,371556452991.46716
230.45,49935624.46573539,371826166977.1121
230.5,49900841.69681288,372085343840.7788
230.55,49867505.791735515,372334078994.1823
230.6,49835598.10287105,372572469229.24396
230.65,49805100.129136,372800612639.2862
230.7,49775993.51759284,373018608541.4938
230.75,49748260.064995214,373226557400.0971
230.8,49721881.71910648,373424560751.65125
230.85,49696840.580023654,373612721130.73346
230.9,49673118.90149043,373791141996.2354
230.95,49650699.09190977,373959927660.48114
231.0,49629563.71541011,374119183218.56366
231.05,49609695.49281916,374269014479.04395
231.1,49591077.302441604,374409527896.8407
231.15,49573692.18089274,374540830506.4544
231.2,49557523.32383398,374663029856.72375
231.25,49542554.08642737,374776233948.5358
231.3,49528767.98393286,374880551172.3238
231.35,49516148.6922342,374976090246.99615
231.4,49504680.048089385,375062960161.8745
231.45,49494346.049441315,375141270119.12463
231.5,49485130.85570011,375211129477.3741
231.55,49477018.78787215,375272647697.48303
231.6,49469994.32859926,375325934290.00757
231.65,49464042.122206934,375371098763.62195
231.7,49459146.97465516,375408250575.3194
231.75,49455293.853428885,375437499082.12427
231.8,49452467.88737886,375458953494.24243
231.85,49450654.36642819,375472722830.3008
231.9,49449838.74135017,375478915873.1225
231.95,49450006.62338139,375477641127.8316
232.0,49451143.78388226,375469006780.6805
232.05,49453236.153809644,375453120660.3868
232.1,49456269.82324818,375430090200.107
232.15,49460231.040934004,375400022400.5478
232.2,49465106.21353073,375363023796.03424
232.25,49470881.90509395,375319200420.218
232.3,49477544.83638216,375268657774.01733
232.35,49485081.88408095,375211500795.2711
232.4,49493480.08011839,375147833828.7519
232.45,49502726.61081382,375077760598.48126
232.5,49512808.81606756,375001384180.76447
232.55,49523714.18848157,374918806978.7659
232.6,49535430.372494616,374830130697.981
232.65,49547945.16343232,374735456323.34515
232.7,49561246.506560504,374634884097.29767
232.75,49575322.49604874,374528513499.48865
232.8,49590161.37405034,374416443226.55646
232.85,49605751.529583976,374298771174.3395
232.9,49622081.49750271,374175594420.34534
232.95,49639139.95743919,374047009207.3037
233.0,49656915.73262975,373913110928.5187
233.05,49675397.78888925,373773994112.95306
233.1,49694575.233388126,373629752412.65564
233.15,49714437.31353259,373480478590.2452
233.2,49734973.415752344,373326264507.9072
233.25,49756173.06437931,373167201116.5056
233.3,49778025.92040422,373003378446.393
233.35,49800521.78019431,372834885599.27386
233.4,49823650.574420825,372661810739.2411
233.45,49847402.36670794,372484241086.62604
233.5,49871767.352397904,372302262911.6862
233.55,49896735.85730148,372115961529.0926
233.6,49922298.33646927,371925421292.93445
233.65,49948445.37292243,371730725592.682
233.7,49975167.676296555,371531956850.4316
233.75,50002456.08165773,371329196517.48694
233.8,50030301.54820494,371122525072.38947
233.85,50058695.15790001,370912022020.06824
233.9,50087628.114279024,370697765890.2098
233.95,50117091.74112602,370479834237.1996
234.0,50147077.48115875,370258303640.5068
234.05,50177576.89475245,370033249705.3014
234.1,50208581.65865014,369804747063.67316
234.15,50240083.56469559,369572869376.1657
234.2,50272074.5185079,369337689334.2094
234.25,50304546.53816782,369099278662.9173
234.3,50337491.75299645,368857708123.6399
234.35,50370902.40227546,368613047517.37244
234.4,50404770.833918646,368365365688.9248
234.45,50439089.503178075,368114730531.22815
234.5,50473850.971467674,367861208989.1621
234.55,50509047.90504033,367604867064.81836
234.6,50544673.07373923,367345769822.5706
234.65,50580719.34971189,367083981394.75366
234.7,50617179.7062141,366819564987.0125
234.75,50654047.216368325,366552582884.296
234.8,50691315.05188367,366283096457.42633
234.85,50728976.48185224,366011166169.40173
234.9,50767024.87156683,365736851581.8218
234.95,50805453.681291826,365460211361.91504
235.0,50844256.46498758,365181303290.15186
235.05,50883426.86921937,364900184266.77057
235.1,50922958.63192489,364616910319.5536
235.15,50962845.58126587,364331536611.21954
235.2,51003081.63442491,364044117447.41925
235.25,51043660.79641766,363754706284.8201
235.3,51084577.15906235,363463355738.2605
235.35,51125824.899721704,363170117589.71075
235.4,51167398.28021604,362875042796.1861
235.45,51209291.645705864,362578181498.04175
235.5,51251499.42361024,362279583027.1726
235.55,51294016.12248163,361979295915.6694
235.6,51336836.33085869,361677367904.76904
235.65,51379954.716309294,361373845952.59564
235.7,51423366.02423199,361068776243.7309
235.75,51467065.07689026,360762204197.26276
235.8,51511046.77241666,360454174475.1618
235.85,51555306.083562486,360144730992.5443
235.9,51599838.05687696,359833916925.0228
235.95,51644637.811628394,359521774717.95984
236.0,51689700.53879347,359208346095.3301
236.05,51735021.500010684,358893672068.911
236.1,51780596.02671326,358577792946.302
236.15,51826419.519086145,358260748340.2375
236.2,51872487.445086025,357942577177.52484
236.25,51918795.33953229,357623317707.55133
236.3,51965338.803147584,357303007511.19617
236.35,52012113.501682036,356981683509.2163
236.4,52059115.16487442,356659381971.8004
236.45,52106339.58566325,356336138526.4452
236.5,52153782.61925848,356011988166.8304
236.55,52201440.18222103,355686965261.6719
236.6,52249308.25162364,355361103563.0489
236.65,52297382.86419488,355034436214.875
236.7,52345660.115412414,354706995761.7366
236.75,52394136.158703744,354378814157.0203
236.8,52442807.204637095,354049922771.1275
236.85,52491669.520015806,353720352400.35364
236.9,52540719.427195564,353390133274.2743
236.95,52589953.3031224,353059295065.0234
237.0,52639367.57865926,352727866894.6313
237.05,52688958.7378152,352395877343.0262
237.1,52738723.31685285,352063354456.8498
237.15,52788657.903666206,351730325756.461
237.2,52838759.136975616,351396818244.16235
237.25,52889023.705538996,351062858412.3091
237.3,52939448.34749449,350728472250.53577
237.35,52990029.849596426,350393685253.6856
237.4,53040765.046560206,350058522429.00525
237.45,53091650.82027399,349723008304.20996
237.5,53142684.09914415,349387166934.6471
237.55,53193861.85744862,349051021910.3963
237.6,53245181.114649095,348714596363.6236
237.65,53296638.93468131,348377912976.05994
237.7,53348232.425328836,348040993985.91174
237.75,53399958.737595044,347703861194.7644
237.8,53451815.06506173,347366535974.5525
237.85,53503798.64324804,347029039274.50433
237.9,53555906.74894668,346691391628.2086
237.95,53608136.69971318,346353613159.6649
238.0,53660485.85322895,346015723590.12897
238.05,53712951.60660305,345677742245.3241
238.1,53765531.39595212,345339688060.8305
238.15,53818222.69574603,345001579588.9618
238.2,53871023.01815508,344663435005.5966
238.25,53923929.912680686,344325272115.1656
238.3,53976940.965458654,343987108357.7091
238.35,54030053.798701964,343648960815.0078
238.4,54083266.07025511,343310846215.97284
238.45,54136575.473057225,342972780942.5909
238.5,54189979.73454288,342634781036.231
238.55,54243476.61616868,342296862203.1208
238.6,54297063.912972875,341959039819.58594
238.65,54350739.45292938,341621328938.5552
238.7,54404501.09659227,341283744294.1995
238.75,54458346.7366129,340946300307.3478
238.8,54512274.29712106,340609011091.7182
238.85,54566281.733362794,340271890458.5077
238.9,54620367.031284675,339934951921.28864
238.95,54674528.20696715,339598208701.8149
239.0,54728763.30620118,339261673734.8982
239.05,54783070.40412564,338925359672.87823
239.1,54837447.60470385,338589278891.0588
239.15,54891893.04028411,338253443492.5874
239.2,54946404.871245004,337917865312.7808
239.25,55000981.28557715,337582555923.8122
239.3,55055620.49841221,337247526639.6893
239.35,55110320.7516278,336912788520.7321
239.4,55165080.31348306,336578352377.83185
239.45,55219897.478263654,336244228776.62195
239.5,55274770.565747544,335910428042.7109
239.55,55329697.920972705,335576960265.0395
239.6,55384677.91382958,335243835300.2792
239.65,55439708.938655905,334911062777.1821
239.7,55494789.41381268,334578652101.01086
239.75,55549917.78149697,334246612456.5079
239.8,55605092.50729069,333914952812.4321
239.85,55660312.079726815,333583681925.9534
239.9,55715575.01010711,333252808345.5061
239.95,55770879.83205669,332922340415.1947
240.0,55826225.101242274,332592286278.18726
240.05,55881609.39502158,332262653880.4918
240.1,55937031.31214384,331933450974.39856
240.15,55992489.47239374,331604685122.2298
240.2,56047982.51627697,331276363699.8124
240.25,56103509.10481194,330948493899.295
240.3,56159067.91906715,330621082733.4421
240.35,56214657.65999595,330294137038.1412
240.4,56270277.04808398,329967663475.98987
240.45,56325924.82305807,329641668539.49274
240.5,56381599.743618764,329316158554.09174
240.55,56437300.58716118,328991139681.24036
240.6,56493026.14944822,328666617921.7281
240.65,56548775.244431,328342599118.12036
240.7,56604546.70389213,328019088958.20557
240.75,56660339.37721352,327696092977.6911
240.8,56716152.13116573,327373616562.75085
240.85,56771983.84954493,327051664953.42975
240.9,56827833.43302418,326730243245.7841
240.95,56883699.798826054,326409356395.0297
241.0,56939581.88057132,326089009217.6524
241.05,56995478.62792838,325769206394.64
241.1,57051389.00643908,325449952473.6776
241.15,57107311.997290894,325131251871.62915
241.2,57163246.59701413,324813108877.42236
241.25,57219191.81742457,324495527653.5153
241.3,57275146.68518837,324178512239.4895
241.35,57331110.241695166,323862066553.8657
241.4,57387081.54290808,323546194396.03577
241.45,57443059.65906815,323230899448.99524
241.5,57499043.67447812,322916185281.60535
241.55,57555032.68736299,322602055350.4024
241.6,57611025.809622034,322288513001.9994
241.65,57667022.16656917,321975561475.5291
241.7,57723020.89687647,321663203903.9318
241.75,57779021.15227281,321351443316.5942
241.8,57835022.09738435,321040282641.17535
241.85,57891022.90954397,320729724705.58746
241.9,57947022.778579585,320419772240.07477
241.95,58003020.90670165,320110427878.725
242.0,58059016.508253075,319801694161.72504
242.05,58115008.80957213,319493573536.97345
242.1,58170997.04877931,319186068362.0949
242.15,58226980.47564355,318879180906.0004
242.2,58282958.35136855,318572913350.86993
242.25,58338929.94850074,318267267793.45154
242.3,58394894.55070873,317962246247.0487
242.35,58450851.45263227,317657850643.1104
242.4,58506799.95966456,317354082833.16656
242.45,58562739.387927674,317050944589.69995
242.5,58618669.06405948,316748437608.02814
242.55,58674588.32492567,316446563508.5718
242.6,58730496.51770252,316145323837.10266
242.65,58786392.999611326,315844720066.864
242.7,58842277.13770904,315544753600.3668
242.75,58898148.30884222,315245425770.2941
242.8,58954005.89950999,314946737840.88385
242.85,59009849.30567413,314648691009.5793
242.9,59065677.93260468,314351286408.474
242.95,59121491.19485577,314054525105.05115
243.0,59177288.51600203,313758408104.1855
243.05,59233069.32852945,313462936349.30664
243.1,59288833.07382864,313168110723.01117
243.15,59344579.20194763,312873932048.9365
243.2,59400307.17142769,312580401093.17883
243.25,59456016.449401625,312287518564.3178
243.3,59511706.51117452,311995285116.156
243.35,59567376.84032786,311703701347.69055
243.4,59623026.9285019,311412767804.76636
243.45,59678656.275306195,311122484981.0449
243.5,59734264.3882576,310832853318.8201
243.55,59789850.782517426,310543873210.86945
243.6,59845414.98093823,310255545000.6807
243.65,59900956.513877116,309967868983.8857
243.7,59956474.91912822,309680845409.06274
243.75,60011969.7417529,309394474479.0601
243.8,60067440.53400773,309108756351.8011
243.85,60122886.85532253,308823691140.825
243.9,60178308.27207591,308539278916.8614
243.95,60233704.35751639,308255519708.6417
244.0,60289074.69173098,307972413503.4622
244.05,60344418.86153704,307689960248.1309
244.1,60399736.46030045,307408159850.2811
244.15,60455027.08793197,307127012178.76575
244.2,60510290.3507882,306846517064.5316
244.25,60565525.86150597,306566674301.82227
244.3,60620733.23896703,306287483648.7095
244.35,60675912.108276635,306008944827.5499
244.4,60731062.10051618,305731057526.5747
244.45,60786182.85277862,305453821400.0413
244.5,60841274.00810412,305177236068.88477
244.55,60896335.2152606,304901301122.13904
244.6,60951366.128797896,304626016116.976
244.65,61006366.40888983,304351380579.80225
244.7,61061335.721281864,304077394006.8193
244.75,61116273.737214245,303804055864.69934
244.8,61171180.13335901,303531365591.1861
244.85,61226054.591666296,303259322596.1381
244.9,61280896.79941443,302987926261.5542
244.95,61335706.44905333,302717175942.6188
245.0,61390483.23808046,302447070968.576
245.05,61445226.869110554,302177610642.642
245.1,61499937.049733825,301908794242.957
245.15,61554613.49236385,301640621023.5772
245.2,61609255.91430759,301373090214.37103
245.25,61663864.03764647,301106201021.83844
245.3,61718437.58908357,300839952630.0872
245.35,61772976.30005401,300574344200.5183
245.4,61827479.90649885,300309374873.1497
245.45,61881948.14884632,300045043766.9204
245.5,61936380.77200844,299781349979.9175
245.55,61990777.525253244,299518292590.2016
245.6,62045138.162175044,299255870656.1513
245.65,62099462.44057968,298994083217.2133
245.7,62153750.1225526,298732929293.7658
245.75,62208000.974245764,298472407888.33295
245.8,62262214.765899315,298212517985.6619
245.85,62316391.27181467,297953258553.03186
245.9,62370530.27021341,297694628541.1045
245.95,62424631.54327268,297436626883.92505
246.0,62478694.87699793,297179252499.697
246.05,62532720.061167054,296922504291.2098
246.1,62586706.88938363,296666381145.74475
246.15,62640655.158922,296410881935.96765
246.2,62694564.67064779,296156005520.4551
246.25,62748435.22908499,295901750743.5244
246.3,62802266.64229017,295648116435.97406
246.35,62856058.72176601,295395101415.63043
246.4,62909811.28257996,295142704486.9278
246.45,62963524.14305779,294890924442.4827
246.5,63017197.124958195,294639760062.40393
246.55,63070830.05336672,294389210114.9185
246.6,63124422.7565548,294139273357.1551
246.65,63177975.06607034,293889948534.84125
246.7,63231486.816615954,293641234382.9904
246.75,63284957.84598,293393129626.33716
246.8,63338387.99509212,293145632979.19135
246.85,63391777.107898675,292898743146.12616
246.9,63445125.03133316,292652458822.22107
246.95,63498431.615323946,292406778693.13025
247.0,63551696.712675154,292161701435.73364
247.05,63604920.17902623,291917225718.4201
247.1,63658101.87299314,291673350200.5355
247.15,63711241.655886225,291430073533.7728
247.2,63764339.391696796,291187394362.321
247.25,63817394.947317876,290945311321.9446
247.3,63870408.192241915,290703823041.4535
247.35,63923378.99854572,290462928142.85223
247.4,63976307.24096932,290222625241.0622
247.45,64029192.79685811,289982912944.26544
247.5,64082035.54606096,289743789854.444
247.55,64134835.37089616,289505254567.60754
247.6,64187592.15618559,289267305673.712
247.65,64240305.7892201,289029941756.88696
247.7,64292976.15961574,288793161396.1525
247.75,64345603.1593767,288556963165.20087
247.8,64398186.682902224,288321345632.4314
247.85,64450726.62681907,288086307361.7651
247.9,64503222.89005635,287851846912.36865
247.95,64555675.37377684,287617962839.02167
248.0,64608083.98135536,287384653692.2698
248.05,64660448.61831304,287151918018.77277
248.1,64712769.192369156,286919754361.12744
248.15,64765045.61336603,286688161258.2546
248.2,64817277.79321013,286457137245.70984
248.25,64869465.64579947,286226680856.0523
248.3,64921609.08716246,285996790618.27795
248.35,64973708.03533195,285767465058.4229
248.4,65025762.41025339,285538702700.011
248.45,65077772.13384756,285310502063.8196
248.5,65129737.12997136,285082861668.09314
248.55,65181657.3243959,284855780028.6796
248.6,65233532.64468567,284629255659.59686
248.65,65285363.02030956,284403287072.583
248.7,65337148.382568635,284177872777.449
248.75,65388888.66449172,283953011282.56635
248.8,65440583.800954945,283728701094.3804
248.85,65492233.72853616,283504940718.07404
248.9,65543838.38548964,283281728657.7073
248.95,65595397.71183854,283059063415.8452
249.0,65646911.64927727,282836943494.0099
249.05,65698380.14110469,282615367392.99414
249.1,65749803.13227953,282394333612.6483
249.15,65801180.56934841,282173840652.21423
249.2,65852512.40044175,281953887010.3662
249.25,65903798.575255595,281734471185.3111
249.3,65955039.0450471,281515591674.82916
249.35,66006233.76254708,281297246976.6681
249.4,66057382.68201431,281079435588.32983
249.45,66108485.75918415,280862156007.3082
249.5,66159542.95122596,280645406731.2875
249.55,66210554.21676462,280429186258.06647
249.6,66261519.51586064,280213493085.6593
249.65,66312438.809929386,279998325712.65173
249.7,66363312.06176669,279783682638.1055
249.75,66414139.23553715,279569562361.62115
249.8,66464920.29678572,279355963383.301
249.85,66515655.21232769,279142884204.22424
249.9,66566343.950278,278930323326.3324
249.95,66616986.48007157,278718279252.35425
250.0,66667582.77238483,278506750486.1434
250.05,66718132.79911782,278295735532.7606
250.1,66768636.533493854,278085232898.06506
250.15,66819093.9498767,277875241089.4844
250.2,66869505.02378931,277665758615.94037
250.25,66919869.73204664,277456783987.3026
250.3,66970188.052576154,277248315715.13947
250.35,67020459.964426816,277040352312.68335
250.4,67070685.447797254,276832892294.7169
250.45,67120864.48400205,276625934177.7152
250.5,67170997.05551416,276419476479.6732
250.55,67221083.14580667,276213517720.75916
250.6,67271122.73943731,276008056422.9661
250.65,67321115.82210071,275803091109.8988
250.7,67371062.38043977,275598620307.5471
250.75,67420962.40214014,275394642543.89685
250.8,67470815.87594804,275191156348.856
250.85,67520622.79160142,274988160254.5349
250.9,67570383.13976003,274785652795.52792
250.95,67620096.91208558,274583632508.58328
251.0,67669764.1012254,274382097932.66687
251.05,67719384.70076652,274181047609.14536
251.1,67768958.70518929,273980480081.96902
251.15,67818486.10988927,273780393897.57782
251.2,67867966.91124783,273580787604.61148
251.25,67917401.10642426,273381659754.74316
251.3,67966788.6935287,273183008901.97485
251.35,68016129.67153133,272984833602.99768
251.4,68065424.0402345,272787132417.2966
251.45,68114671.8002941,272589903907.057
251.5,68163872.95319653,272393146637.24933
251.55,68213027.50124045,272196859175.6941
251.6,68262135.44756295,272001040092.94913
251.65,68311196.7960468,271805687962.67084
251.7,68360211.55137108,271610801361.40234
251.75,68409179.71905221,271416378868.40225
251.8,68458101.30526093,271222419066.3613
251.85,68506976.31699243,271028920540.71658
251.9,68555804.76199272,270835881879.93423
251.95,68604586.64869428,270643301675.7529
252.0,68653321.98625164,270451178523.03134
252.05,68702010.7845371,270259511019.75443
252.1,68750653.05414136,270068297767.01947
252.15,68799248.80635902,269877537369.0815
252.2,68847798.0530982,269687228433.6964
252.25,68896300.80697149,269497369571.75058
252.3,68944757.0812712,269307959397.34637
252.35,68993166.88989867,269118996528.06564
252.4,69041530.24743535,268930479584.67877
252.45,69089847.16909231,268742407191.32898
252.5,69138117.67066424,268554777975.69766
252.55,69186341.76860084,268367590568.71268
252.6,69234519.4799251,268180843604.85233
252.65,69282650.82226883,267994535721.99304
252.7,69330735.81385727,267808665561.45502
252.75,69378774.47350372,267623231768.00873
252.8,69426766.82057333,267438232990.00003
252.85,69474712.87496705,267253667879.39676
252.9,69522612.65716258,267069535091.6158
252.95,69570466.18824507,266885833285.39084
253.0,69618273.48976733,266702561123.29437
253.05,69666034.58377446,266519717271.62607
253.1,69713749.49288654,266337300400.08066
253.15,69761418.24029325,266155309181.75388
253.2,69809040.84958647,265973742293.76596
253.25,69856617.34491064,265792598416.6711
253.3,69904147.7509205,265611876234.60294
253.35,69951632.09265989,265431574435.71915
253.4,69999070.39575996,265251691711.43124
253.45,70046462.68629181,265072226756.94876
253.5,70093808.99072345,264893178271.42465
253.55,70141109.33607125,264714544957.36508
253.6,70188363.74974681,264536325521.19254
253.65,70235572.25960836,264358518673.03384
253.7,70282734.89396521,264181123126.68655
253.75,70329851.68153453,264004137599.76483
253.8,70376922.65145609,263827560813.62613
253.85,70423947.83331256,263651391493.27826
253.9,70470927.25709143,263475628367.5049
253.95,70517860.95313041,263300270169.05222
254.0,70564748.95221773,263125315634.23572
254.05,70611591.28555392,262950763503.0667
254.10000000000002,70658387.98464343,262776612519.63803
254.15,70705139.08144899,262602861431.53125
254.2,70751844.6082509,262429508990.3227
254.25,70798504.5976887,262256553951.40997
254.3,70845119.08283563,262083995073.7185
254.35000000000002,70891688.09708959,261911831120.0882
254.4,70938211.67413418,261740060857.39847
254.45,70984689.84803417,261568683056.197
254.5,71031122.65326221,261397696490.58417
254.55,71077510.1245836,261227099938.62027
254.60000000000002,71123852.29703295,261056892182.39185
254.65,71170149.20599447,260887072007.69806
254.7,71216400.88721177,260717638203.99707
254.75,71262607.37676509,260548589564.47217
254.8,71308768.71092762,260379924886.5387
254.85000000000002,71354884.92637207,260211642971.06973
254.9,71400956.0600106,260043742622.9631
254.95,71446982.14913082,259876222650.627
255.0,71492963.23121868,259709081866.60696
255.05,71538899.34407793,259542319087.13202
255.10000000000002,71584790.52582368,259375933132.12045
255.15,71630636.81474835,259209922825.64737
255.2,71676438.24955264,259044286995.08908
255.25,71722194.86911203,258879024471.95105
255.3,71767906.71254702,258714134091.59393
255.35000000000002,71813573.8193222,258549614692.85834
255.4,71859196.22905572,258385465118.7334
255.45,71904773.98167393,258221684215.78076
255.5,71950307.11730401,258058270834.5028
255.55,71995795.6763903,257895223828.90646
255.60000000000002,72041239.6995363,257732542057.05188
255.65,72086639.22757605,257570224380.77713
255.7,72131994.30165148,257408269665.40408
255.75,72177304.96302025,257246676780.4064
255.8,72222571.25324002,257085444598.73315
255.85000000000002,72267793.21404895,256924571997.21677
255.9,72312970.887421,256764057856.35797
255.95,72358104.31549662,256603901060.55334
256.0,72403193.5406212,256444100497.9404
256.05,72448238.60542907,256284655060.08185
256.1,72493239.55265498,256125563642.61536
256.15,72538196.42522933,255966825144.89737
256.2,72583109.26637378,255808438469.6477
256.25,72627978.11935525,255650402523.7998
256.3,72672803.02769542,255492716217.74265
256.35,72717584.03515871,255335378465.3466
256.4,72762321.18556213,255178388184.6134
256.45,72807014.52296859,255021744296.9785
256.5,72851664.09158297,254865445727.65778
256.55,72896269.9358255,254709491405.373
256.6,72940832.1002273,254553880262.69904
256.65,72985350.62946932,254398611235.9093
256.7,73029825.56845057,254243683264.71997
256.75,73074256.96216606,254089095292.69775
256.8,73118644.85579793,253934846266.92444
256.85,73162989.29468004,253780935138.10263
256.9,73207290.32423285,253627360860.76364
256.95,73251547.99011354,253474122392.72888
257.0,73295762.33801739,253321218695.78104
257.05,73339933.41385722,253168648735.02435
257.1,73384061.26366358,253016411479.2132
257.15,73428145.93348971,252864505901.06122
257.2,73472187.46970378,252712930976.21655
257.25,73516185.91870685,252561685684.21692
257.3,73560141.32697263,252410769008.334
257.35,73604053.74114646,252260179935.21573
257.4,73647923.20800962,252109917454.992
257.45,73691749.77444874,251959980561.36252
257.5,73735533.48741382,251810368251.72253
257.55,73779274.39400588,251661079526.84583
257.6,73822972.54144682,251512113390.97076
257.65,73866627.97704317,251363468851.907
257.7,73910240.74822678,251215144920.87964
257.75,73953810.90249474,251067140612.7165
257.8,73997338.48744433,250919454945.7121
257.85,74040823.55076624,250772086941.63345
257.9,74084266.14031005,250625035625.48196
257.95,74127666.30396976,250478300025.86438
258.0,74171024.0896592,250331879175.05814
258.05,74214339.54551525,250185772108.30832
258.1,74257612.71965136,250039977864.6435
258.15,74300843.66030705,249894495486.354
258.2,74344032.41581744,249749324019.0789
258.25,74387179.0345767,249604462511.9121
258.3,74430283.56500107,249459910017.50964
258.35,74473346.05569765,249315665591.50702
258.4,74516366.55526476,249171728293.17273
258.45,74559345.11235145,249028097185.19156
258.5,74602281.77577889,248884771333.24304
258.55,74645176.594303,248741749806.77823
258.6,74688029.6168451,248599031678.2332
258.65,74730840.8923885,248456616023.3589
258.7,74773610.46986164,248314501921.59286
258.75,74816338.39836416,248172688455.29153
258.8,74859024.72703828,248031174710.1423
258.85,74901669.50505632,247889959775.18875
258.9,74944272.78165108,247749042742.71405
258.95,74986834.60614026,247608422708.1445
259.0,75029355.02779709,247468098770.46127
259.05,75071834.09602252,247328070031.61572
259.1,75114271.86028376,247188335596.71747
259.15,75156668.37004623,247048894574.243
259.2,75199023.67478548,246909746075.98004
259.25,75241337.82410516,246770889216.6248
259.3,75283610.86762547,246632323114.13345
259.35,75325842.85495193,246494046889.80884
259.4,75368033.83576864,246356059667.9792
259.45,75410183.8597885,246218360576.1463
259.5,75452292.97675362,246080948744.96902
259.55,75494361.23647255,245943823308.1267
259.6,75536388.68873939,245806983402.56808
259.65,75578375.3833588,245670428168.4142
259.7,75620321.37029035,245534156748.47458
259.75,75662226.69936673,245398168289.14838
259.8,75704091.42049435,245262461939.7572
259.85,75745915.58367296,245127036852.46753
259.9,75787699.23883213,244991892182.80606
259.95,75829442.43600172,244857027089.09305
260.0,75871145.22514813,244722440732.95712
260.05,75912807.65633889,244588132278.78915
260.1,75954429.77959765,244454100894.19604
260.15,75996011.64496136,244320345749.80142
260.2,76037553.3025889,244186866018.88226
260.25,76079054.80251372,244053660878.1503
260.3,76120516.19486035,243920729507.04135
260.35,76161937.5297688,243788071087.94492
260.4,76203318.85729915,243655684806.4947
260.45,76244660.22764918,243523569850.85843
260.5,76285961.69093806,243391725412.41617
260.55,76327223.29732811,243260150685.35654
260.6,76368445.09696156,243128844866.8654
260.65,76409627.13999315,242997807157.00742
260.7,76450769.47662957,242867036758.58752
260.75,76491872.15698214,242736532877.60553
260.8,76532935.23128656,242606294722.54422
260.85,76573958.74967146,242476321505.09076
260.9,76614942.76227541,242346612439.75137
260.95,76655887.31931229,242217166743.63153
261.0,76696792.4709366,242087983636.8489
261.05,76737658.26727629,241959062342.41568
261.1,76778484.75851814,241830402085.9561
261.15,76819271.9948181,241702002095.97623
261.2,76860020.02630816,241573861603.829
261.25,76900728.90310419,241445979843.67612
261.3,76941398.67532623,241318356052.4112
261.35,76982029.39313255,241190989469.54056
261.4,77022621.106616,241063879337.49524
261.45,77063173.86585715,240937024901.45126
261.5,77103687.72095852,240810425409.2099
261.55,77144162.72195353,240684080111.4694
261.6,77184598.91892612,240557988261.43884
261.65,77224996.36191334,240432149115.12967
261.7,77265355.1009326,240306561931.2579
261.75,77305675.1860295,240181225971.083
261.8,77345956.66713333,240056140498.84445
261.85,77386199.59423046,239931304781.21048
261.9,77426404.01735273,239806718087.30252
261.95,77466569.98634633,239682379689.3994
262.0,77506697.55114537,239558288862.07666
262.05,77546786.76168047,239434444882.4785
262.1,77586837.66778013,239310847030.60992
262.15,77626850.31932558,239187494588.84662
262.2,77666824.76612526,239064386842.31027
262.25,77706761.0579834,238941523078.64502
262.3,77746659.24470139,238818902588.0016
262.35,77786519.37599896,238696524663.2678
262.4,77826341.5015894,238574388599.8252
262.45,77866125.67119466,238452493695.49152
262.5,77905871.93452716,238330839250.56497
262.55,77945580.34116988,238209424568.17966
262.6,77985250.94075987,238088248953.73196
262.65,78024883.78286214,237967311715.2549
262.7,78064478.91707247,237846612163.09308
262.75,78104036.39289764,237726149610.2564
262.8,78143556.25980422,237605923372.25955
262.85,78183038.56725456,237485932767.0014
262.9,78222483.36472902,237366177114.6866
262.95,78261890.7016191,237246655738.13907
263.0,78301260.62722227,237127367962.80582
263.05,78340593.19092107,237008313116.2029
263.1,78379888.44198741,236889490528.49783
263.15,78419146.42968681,236770899532.18262
263.2,78458367.20327371,236652539462.07742
263.25,78497550.81185631,236534409655.72736
263.3,78536697.30463852,236416509452.6616
263.35,78575806.73073019,236298838194.95532
263.4,78614879.13919011,236181395227.08902
263.45,78653914.57906255,236064179895.8278
263.5,78692913.09935202,235947191550.28693
263.55,78731874.74898383,235830429542.0393
263.6,78770799.57689604,235713893224.8292
263.65,78809687.63200745,235597581954.65826
263.7,78848538.963081,235481495090.1834
263.75,78887353.61891313,235365631992.13965
263.8,78926131.6483363,235249992023.32346
263.85,78964873.1000131,235134574549.19678
263.9,79003578.02253528,235019378937.5801
263.95,79042246.46467014,234904404557.90985
264.0,79080878.47493824,234789650782.4851
264.05,79119474.10181032,234675116985.87057
264.1,79158033.39387773,234560802544.3813
264.15,79196556.39954755,234446706836.9777
264.2,79235043.16719846,234332829244.79266
264.25,79273493.74521169,234219169151.0305
264.3,79311908.18194552,234105725941.0328
264.35,79350286.52561834,233992499002.6141
264.4,79388628.82439521,233879487725.79575
264.45,79426935.12654586,233766691502.33087
264.5,79465205.48013715,233654109726.6014
264.55,79503439.93325424,233541741794.95648
264.6,79541638.53396101,233429587105.81992
264.65,79579801.33018267,233317645060.02536
264.7,79617928.36988498,233205915060.2805
264.75,79656019.70092167,233094396511.6055
264.8,79694075.37117174,232983088820.9212
264.85,79732095.42839317,232871991397.4683
264.9,79770079.92026812,232761103652.66495
264.95,79808028.89455563,232650424999.65225
265.0,79845942.39885214,232539954853.98413
265.05,79883820.48075837,232429692633.13113
265.1,79921663.18778941,232319637756.73343
265.15,79959470.56740619,232209789646.49994
265.2,79997242.66703986,232100147726.12842
265.25,80034979.53406635,231990711421.37067
265.3,80072681.21582368,231881480159.97342
265.35,80110347.75956456,231772453371.80667
265.4,80147979.21250276,231663630488.72052
265.45,80185575.62183045,231555010944.48642
265.5,80223137.0345916,231446594175.15405
265.55,80260663.49786544,231338379618.51263
265.6,80298155.05869761,231230366714.2816
265.65,80335611.76399478,231122554904.40558
265.7,80373033.66064346,231014943632.70306
265.75,80410420.79545525,230907532345.01556
265.8,80447773.21526472,230800320488.91803
265.85,80485090.96684566,230693307513.9516
265.9,80522374.09672461,230586492872.14886
265.95,80559622.65161392,230479876016.78418
266.0,80596836.67806579,230373456403.35724
266.05,80634016.222526,230267233489.43018
266.1,80671161.33152042,230161206734.0862
266.15,80708272.05134358,230055375598.81134
266.2,80745348.42846523,229949739546.32562
266.25,80782390.50907174,229844298041.88336
266.3,80819398.33931866,229739050552.54367
266.35,80856371.96551867,229633996546.62936
266.4,80893311.43366668,229529135495.069
266.45,80930216.7898776,229424466870.14462
266.5,80967088.08005106,229319990146.4356
266.55,81003925.35017739,229215704799.94318
266.6,81040728.64618653,229111610308.51126
266.65,81077498.01375882,229007706152.35336
266.7,81114233.49876563,228903991812.79874
266.75,81150935.1468137,228800466773.5726
266.8,81187603.00357504,228697130519.85648
266.85,81224237.11470935,228593982538.50052
266.9,81260837.52563709,228491022318.65442
266.95,81297404.28183301,228388249350.9331
267.0,81333937.42871891,228285663127.71155
267.05,81370437.0116074,228183263143.27502
267.1,81406903.07586277,228081048893.36026
267.15,81443335.66660568,227979019875.97617
267.2,81479734.82902351,227877175590.5261
267.25,81516100.6082852,227775515538.03995
267.3,81552433.04934196,227674039221.7239
267.35,81588732.19722416,227572746146.12286
267.4,81624998.0968125,227471635817.75275
267.45,81661230.79307525,227370707744.43164
267.5,81697430.33068793,227269961436.33237
267.55,81733596.754399,227169396404.95602
267.6,81769730.10901214,227069012163.17596
267.65,81805830.4389815,226968808226.35483
267.7,81841897.78893006,226868784110.89728
267.75,81877932.20344275,226768939334.81854
267.8,81913933.7267966,226669273418.4847
267.85,81949902.40342799,226569785883.31076
267.9,81985838.27767913,226470476252.4568
267.95,82021741.3937637,226371344050.9154
268.0,82057611.79590079,226272388805.13498
268.05,82093449.52818166,226173610043.38046
268.1,82129254.63464268,226075007295.52524
268.15,82165027.15936168,225976580092.77948
268.2,82200767.14627852,225878327968.17758
268.25,82236474.63915318,225780250456.6858
268.3,82272149.68190755,225682347094.25662
268.35,82307792.3182848,225584617418.75836
268.4,82343402.5919148,225487060969.78802
268.45,82378980.54653406,225389677288.06253
268.5,82414526.22560534,225292465916.45398
268.55,82450039.67262988,225195426399.12787
268.6,82485520.93112151,225098558281.6085
268.65,82520970.04441811,225001861111.28766
268.7,82556387.05587135,224905334436.8998
268.75,82591772.0086656,224808977809.0097
268.8,82627124.94603933,224712790779.4026
268.85,82662445.91114263,224616772901.46664
268.9,82697734.94694832,224520923730.42752
268.95,82732992.09653622,224425242822.56985
269.0,82768217.40281828,224329729735.978
269.05,82803410.9087376,224234384029.98956
269.1,82838572.65699242,224139205265.9374
269.15,82873702.69036835,224044193006.24307
269.2,82908801.05161862,223949346814.73608
269.25,82943867.78330436,223854666257.0791
269.3,82978902.92796351,223760150900.30524
269.35,83013906.52817863,223665800312.62952
269.4,83048878.62630711,223571614064.17075
269.45,83083819.26475261,223477591726.21347
269.5,83118728.48583679,223383732871.548
269.55,83153606.33175646,223290037074.57956
269.6,83188452.84477003,223196503910.82138
269.65,83223268.06690253,223103132957.68112
269.7,83258052.04024237,223009923793.65836
269.75,83292804.80683629,222916875998.6213
269.8,83327526.40853561,222823989154.2125
269.85,83362216.88721493,222731262843.25735
269.9,83396876.28472993,222638696649.87204
269.95,83431504.64280331,222546290159.7627
270.0,83437995.71839263,222528977126.5443
